  0
SECTION
  2
HEADER
  9
$ACADVER
  1
AC1032
  9
$ACADMAINTVER
 90
4
  9
$DWGCODEPAGE
  3
ANSI_1252
  9
$LASTSAVEDBY
  1
ezdxf
  9
$REQUIREDVERSIONS
160
0
  9
$INSBASE
 10
0.0
 20
0.0
 30
0.0
  9
$EXTMIN
 10
1e+20
 20
1e+20
 30
1e+20
  9
$EXTMAX
 10
-1e+20
 20
-1e+20
 30
-1e+20
  9
$LIMMIN
 10
0.0
 20
0.0
  9
$LIMMAX
 10
420.0
 20
297.0
  9
$ORTHOMODE
 70
0
  9
$REGENMODE
 70
1
  9
$FILLMODE
 70
1
  9
$QTEXTMODE
 70
0
  9
$MIRRTEXT
 70
1
  9
$LTSCALE
 40
1.0
  9
$ATTMODE
 70
1
  9
$TEXTSIZE
 40
2.5
  9
$TRACEWID
 40
1.0
  9
$TEXTSTYLE
  7
Standard
  9
$CLAYER
  8
0
  9
$CELTYPE
  6
ByLayer
  9
$CECOLOR
 62
256
  9
$CELTSCALE
 40
1.0
  9
$DISPSILH
 70
0
  9
$DIMSCALE
 40
1.0
  9
$DIMASZ
 40
2.5
  9
$DIMEXO
 40
0.625
  9
$DIMDLI
 40
3.75
  9
$DIMRND
 40
0.0
  9
$DIMDLE
 40
0.0
  9
$DIMEXE
 40
1.25
  9
$DIMTP
 40
0.0
  9
$DIMTM
 40
0.0
  9
$DIMTXT
 40
2.5
  9
$DIMCEN
 40
2.5
  9
$DIMTSZ
 40
0.0
  9
$DIMTOL
 70
0
  9
$DIMLIM
 70
0
  9
$DIMTIH
 70
0
  9
$DIMTOH
 70
0
  9
$DIMSE1
 70
0
  9
$DIMSE2
 70
0
  9
$DIMTAD
 70
1
  9
$DIMZIN
 70
8
  9
$DIMBLK
  1

  9
$DIMASO
 70
1
  9
$DIMSHO
 70
1
  9
$DIMPOST
  1

  9
$DIMAPOST
  1

  9
$DIMALT
 70
0
  9
$DIMALTD
 70
3
  9
$DIMALTF
 40
0.03937007874
  9
$DIMLFAC
 40
1.0
  9
$DIMTOFL
 70
1
  9
$DIMTVP
 40
0.0
  9
$DIMTIX
 70
0
  9
$DIMSOXD
 70
0
  9
$DIMSAH
 70
0
  9
$DIMBLK1
  1

  9
$DIMBLK2
  1

  9
$DIMSTYLE
  2
ISO-25
  9
$DIMCLRD
 70
0
  9
$DIMCLRE
 70
0
  9
$DIMCLRT
 70
0
  9
$DIMTFAC
 40
1.0
  9
$DIMGAP
 40
0.625
  9
$DIMJUST
 70
0
  9
$DIMSD1
 70
0
  9
$DIMSD2
 70
0
  9
$DIMTOLJ
 70
0
  9
$DIMTZIN
 70
8
  9
$DIMALTZ
 70
0
  9
$DIMALTTZ
 70
0
  9
$DIMUPT
 70
0
  9
$DIMDEC
 70
2
  9
$DIMTDEC
 70
2
  9
$DIMALTU
 70
2
  9
$DIMALTTD
 70
3
  9
$DIMTXSTY
  7
Standard
  9
$DIMAUNIT
 70
0
  9
$DIMADEC
 70
0
  9
$DIMALTRND
 40
0.0
  9
$DIMAZIN
 70
0
  9
$DIMDSEP
 70
44
  9
$DIMATFIT
 70
3
  9
$DIMFRAC
 70
0
  9
$DIMLDRBLK
  1

  9
$DIMLUNIT
 70
2
  9
$DIMLWD
 70
-2
  9
$DIMLWE
 70
-2
  9
$DIMTMOVE
 70
0
  9
$DIMFXL
 40
1.0
  9
$DIMFXLON
 70
0
  9
$DIMJOGANG
 40
0.785398163397
  9
$DIMTFILL
 70
0
  9
$DIMTFILLCLR
 70
0
  9
$DIMARCSYM
 70
0
  9
$DIMLTYPE
  6

  9
$DIMLTEX1
  6

  9
$DIMLTEX2
  6

  9
$DIMTXTDIRECTION
 70
0
  9
$LUNITS
 70
2
  9
$LUPREC
 70
4
  9
$SKETCHINC
 40
1.0
  9
$FILLETRAD
 40
10.0
  9
$AUNITS
 70
0
  9
$AUPREC
 70
2
  9
$MENU
  1
.
  9
$ELEVATION
 40
0.0
  9
$PELEVATION
 40
0.0
  9
$THICKNESS
 40
0.0
  9
$LIMCHECK
 70
0
  9
$CHAMFERA
 40
0.0
  9
$CHAMFERB
 40
0.0
  9
$CHAMFERC
 40
0.0
  9
$CHAMFERD
 40
0.0
  9
$SKPOLY
 70
0
  9
$TDCREATE
 40
2461322.728136574
  9
$TDUCREATE
 40
2458532.153996898
  9
$TDUPDATE
 40
2461322.728136574
  9
$TDUUPDATE
 40
2458532.1544311
  9
$TDINDWG
 40
0.0
  9
$TDUSRTIMER
 40
0.0
  9
$USRTIMER
 70
1
  9
$ANGBASE
 50
0.0
  9
$ANGDIR
 70
0
  9
$PDMODE
 70
0
  9
$PDSIZE
 40
0.0
  9
$PLINEWID
 40
0.0
  9
$SPLFRAME
 70
0
  9
$SPLINETYPE
 70
6
  9
$SPLINESEGS
 70
8
  9
$HANDSEED
  5
50
  9
$SURFTAB1
 70
6
  9
$SURFTAB2
 70
6
  9
$SURFTYPE
 70
6
  9
$SURFU
 70
6
  9
$SURFV
 70
6
  9
$UCSBASE
  2

  9
$UCSNAME
  2

  9
$UCSORG
 10
0.0
 20
0.0
 30
0.0
  9
$UCSXDIR
 10
1.0
 20
0.0
 30
0.0
  9
$UCSYDIR
 10
0.0
 20
1.0
 30
0.0
  9
$UCSORTHOREF
  2

  9
$UCSORTHOVIEW
 70
0
  9
$UCSORGTOP
 10
0.0
 20
0.0
 30
0.0
  9
$UCSORGBOTTOM
 10
0.0
 20
0.0
 30
0.0
  9
$UCSORGLEFT
 10
0.0
 20
0.0
 30
0.0
  9
$UCSORGRIGHT
 10
0.0
 20
0.0
 30
0.0
  9
$UCSORGFRONT
 10
0.0
 20
0.0
 30
0.0
  9
$UCSORGBACK
 10
0.0
 20
0.0
 30
0.0
  9
$PUCSBASE
  2

  9
$PUCSNAME
  2

  9
$PUCSORG
 10
0.0
 20
0.0
 30
0.0
  9
$PUCSXDIR
 10
1.0
 20
0.0
 30
0.0
  9
$PUCSYDIR
 10
0.0
 20
1.0
 30
0.0
  9
$PUCSORTHOREF
  2

  9
$PUCSORTHOVIEW
 70
0
  9
$PUCSORGTOP
 10
0.0
 20
0.0
 30
0.0
  9
$PUCSORGBOTTOM
 10
0.0
 20
0.0
 30
0.0
  9
$PUCSORGLEFT
 10
0.0
 20
0.0
 30
0.0
  9
$PUCSORGRIGHT
 10
0.0
 20
0.0
 30
0.0
  9
$PUCSORGFRONT
 10
0.0
 20
0.0
 30
0.0
  9
$PUCSORGBACK
 10
0.0
 20
0.0
 30
0.0
  9
$USERI1
 70
0
  9
$USERI2
 70
0
  9
$USERI3
 70
0
  9
$USERI4
 70
0
  9
$USERI5
 70
0
  9
$USERR1
 40
0.0
  9
$USERR2
 40
0.0
  9
$USERR3
 40
0.0
  9
$USERR4
 40
0.0
  9
$USERR5
 40
0.0
  9
$WORLDVIEW
 70
1
  9
$SHADEDGE
 70
3
  9
$SHADEDIF
 70
70
  9
$TILEMODE
 70
1
  9
$MAXACTVP
 70
64
  9
$PINSBASE
 10
0.0
 20
0.0
 30
0.0
  9
$PLIMCHECK
 70
0
  9
$PEXTMIN
 10
1e+20
 20
1e+20
 30
1e+20
  9
$PEXTMAX
 10
-1e+20
 20
-1e+20
 30
-1e+20
  9
$PLIMMIN
 10
0.0
 20
0.0
  9
$PLIMMAX
 10
420.0
 20
297.0
  9
$UNITMODE
 70
0
  9
$VISRETAIN
 70
1
  9
$PLINEGEN
 70
0
  9
$PSLTSCALE
 70
1
  9
$TREEDEPTH
 70
3020
  9
$CMLSTYLE
  2
Standard
  9
$CMLJUST
 70
0
  9
$CMLSCALE
 40
20.0
  9
$PROXYGRAPHICS
 70
1
  9
$MEASUREMENT
 70
1
  9
$CELWEIGHT
370
-1
  9
$ENDCAPS
280
0
  9
$JOINSTYLE
280
0
  9
$LWDISPLAY
290
0
  9
$INSUNITS
 70
0
  9
$HYPERLINKBASE
  1

  9
$STYLESHEET
  1

  9
$XEDIT
290
1
  9
$CEPSNTYPE
380
0
  9
$PSTYLEMODE
290
1
  9
$FINGERPRINTGUID
  2
{A82E9C66-6064-42E1-A0D0-9E5456CF1CB3}
  9
$VERSIONGUID
  2
{5384E2E8-4173-41F4-98F3-39C83BBEA44A}
  9
$EXTNAMES
290
1
  9
$PSVPSCALE
 40
0.0
  9
$OLESTARTUP
290
0
  9
$SORTENTS
280
127
  9
$INDEXCTL
280
0
  9
$HIDETEXT
280
1
  9
$XCLIPFRAME
280
1
  9
$HALOGAP
280
0
  9
$OBSCOLOR
 70
257
  9
$OBSLTYPE
280
0
  9
$INTERSECTIONDISPLAY
280
0
  9
$INTERSECTIONCOLOR
 70
257
  9
$DIMASSOC
280
2
  9
$PROJECTNAME
  1

  9
$CAMERADISPLAY
290
0
  9
$LENSLENGTH
 40
50.0
  9
$CAMERAHEIGHT
 40
0.0
  9
$STEPSPERSEC
 40
24.0
  9
$STEPSIZE
 40
100.0
  9
$3DDWFPREC
 40
2.0
  9
$PSOLWIDTH
 40
0.005
  9
$PSOLHEIGHT
 40
0.08
  9
$LOFTANG1
 40
1.570796326795
  9
$LOFTANG2
 40
1.570796326795
  9
$LOFTMAG1
 40
0.0
  9
$LOFTMAG2
 40
0.0
  9
$LOFTPARAM
 70
7
  9
$LOFTNORMALS
280
1
  9
$LATITUDE
 40
37.795
  9
$LONGITUDE
 40
-122.394
  9
$NORTHDIRECTION
 40
0.0
  9
$TIMEZONE
 70
-8000
  9
$LIGHTGLYPHDISPLAY
280
1
  9
$TILEMODELIGHTSYNCH
280
1
  9
$CMATERIAL
347
20
  9
$SOLIDHIST
280
0
  9
$SHOWHIST
280
1
  9
$DWFFRAME
280
2
  9
$DGNFRAME
280
2
  9
$REALWORLDSCALE
290
1
  9
$INTERFERECOLOR
 62
256
  9
$CSHADOW
280
0
  9
$SHADOWPLANELOCATION
 40
0.0
  0
ENDSEC
  0
SECTION
  2
CLASSES
  0
CLASS
  1
ACDBDICTIONARYWDFLT
  2
AcDbDictionaryWithDefault
  3
ObjectDBX Classes
 90
0
 91
0
280
0
281
0
  0
CLASS
  1
SUN
  2
AcDbSun
  3
SCENEOE
 90
1153
 91
0
280
0
281
0
  0
CLASS
  1
VISUALSTYLE
  2
AcDbVisualStyle
  3
ObjectDBX Classes
 90
4095
 91
0
280
0
281
0
  0
CLASS
  1
MATERIAL
  2
AcDbMaterial
  3
ObjectDBX Classes
 90
1153
 91
0
280
0
281
0
  0
CLASS
  1
SCALE
  2
AcDbScale
  3
ObjectDBX Classes
 90
1153
 91
0
280
0
281
0
  0
CLASS
  1
TABLESTYLE
  2
AcDbTableStyle
  3
ObjectDBX Classes
 90
4095
 91
0
280
0
281
0
  0
CLASS
  1
MLEADERSTYLE
  2
AcDbMLeaderStyle
  3
ACDB_MLEADERSTYLE_CLASS
 90
4095
 91
0
280
0
281
0
  0
CLASS
  1
DICTIONARYVAR
  2
AcDbDictionaryVar
  3
ObjectDBX Classes
 90
0
 91
0
280
0
281
0
  0
CLASS
  1
CELLSTYLEMAP
  2
AcDbCellStyleMap
  3
ObjectDBX Classes
 90
1152
 91
0
280
0
281
0
  0
CLASS
  1
MENTALRAYRENDERSETTINGS
  2
AcDbMentalRayRenderSettings
  3
SCENEOE
 90
1024
 91
0
280
0
281
0
  0
CLASS
  1
ACDBDETAILVIEWSTYLE
  2
AcDbDetailViewStyle
  3
ObjectDBX Classes
 90
1025
 91
0
280
0
281
0
  0
CLASS
  1
ACDBSECTIONVIEWSTYLE
  2
AcDbSectionViewStyle
  3
ObjectDBX Classes
 90
1025
 91
0
280
0
281
0
  0
CLASS
  1
RASTERVARIABLES
  2
AcDbRasterVariables
  3
ISM
 90
0
 91
0
280
0
281
0
  0
CLASS
  1
LAYOUT
  2
AcDbLayout
  3
ObjectDBX Classes
 90
0
 91
0
280
0
281
0
  0
CLASS
  1
ACDBPLACEHOLDER
  2
AcDbPlaceHolder
  3
ObjectDBX Classes
 90
0
 91
0
280
0
281
0
  0
ENDSEC
  0
SECTION
  2
TABLES
  0
TABLE
  2
VPORT
  5
8
330
0
100
AcDbSymbolTable
 70
1
  0
VPORT
  5
23
330
8
100
AcDbSymbolTableRecord
100
AcDbViewportTableRecord
  2
*Active
 70
0
 10
0.0
 20
0.0
 11
1.0
 21
1.0
 12
0.0
 22
0.0
 13
0.0
 23
0.0
 14
0.5
 24
0.5
 15
0.5
 25
0.5
 16
0.0
 26
0.0
 36
1.0
 17
0.0
 27
0.0
 37
0.0
 40
1000.0
 41
1.34
 42
50.0
 43
0.0
 44
0.0
 50
0.0
 51
0.0
 71
0
 72
1000
 73
1
 74
3
 75
0
 76
0
 77
0
 78
0
281
0
 65
0
146
0.0
  0
ENDTAB
  0
TABLE
  2
LTYPE
  5
2
330
0
100
AcDbSymbolTable
 70
3
  0
LTYPE
  5
24
330
2
100
AcDbSymbolTableRecord
100
AcDbLinetypeTableRecord
  2
ByBlock
 70
0
  3

 72
65
 73
0
 40
0.0
  0
LTYPE
  5
25
330
2
100
AcDbSymbolTableRecord
100
AcDbLinetypeTableRecord
  2
ByLayer
 70
0
  3

 72
65
 73
0
 40
0.0
  0
LTYPE
  5
26
330
2
100
AcDbSymbolTableRecord
100
AcDbLinetypeTableRecord
  2
Continuous
 70
0
  3

 72
65
 73
0
 40
0.0
  0
ENDTAB
  0
TABLE
  2
LAYER
  5
1
330
0
100
AcDbSymbolTable
 70
4
  0
LAYER
  5
27
330
1
100
AcDbSymbolTableRecord
100
AcDbLayerTableRecord
  2
0
 70
0
 62
7
  6
Continuous
370
-3
390
13
347
21
  0
LAYER
  5
28
330
1
100
AcDbSymbolTableRecord
100
AcDbLayerTableRecord
  2
Defpoints
 70
0
 62
7
  6
Continuous
290
0
370
-3
390
13
347
21
  0
LAYER
  5
2F
330
1
100
AcDbSymbolTableRecord
100
AcDbLayerTableRecord
  2
SYMBOL
 70
0
 62
30
  6
Continuous
370
-3
390
13
347
21
  0
LAYER
  5
30
330
1
100
AcDbSymbolTableRecord
100
AcDbLayerTableRecord
  2
WORDMARK
 70
0
 62
250
  6
Continuous
370
-3
390
13
347
21
  0
ENDTAB
  0
TABLE
  2
STYLE
  5
5
330
0
100
AcDbSymbolTable
 70
1
  0
STYLE
  5
29
330
5
100
AcDbSymbolTableRecord
100
AcDbTextStyleTableRecord
  2
Standard
 70
0
 40
0.0
 41
1.0
 50
0.0
 71
0
 42
2.5
  3
txt
  4

  0
ENDTAB
  0
TABLE
  2
VIEW
  5
7
330
0
100
AcDbSymbolTable
 70
0
  0
ENDTAB
  0
TABLE
  2
UCS
  5
6
330
0
100
AcDbSymbolTable
 70
0
  0
ENDTAB
  0
TABLE
  2
APPID
  5
3
330
0
100
AcDbSymbolTable
 70
3
  0
APPID
  5
2A
330
3
100
AcDbSymbolTableRecord
100
AcDbRegAppTableRecord
  2
ACAD
 70
0
  0
APPID
  5
4D
330
3
100
AcDbSymbolTableRecord
100
AcDbRegAppTableRecord
  2
HATCHBACKGROUNDCOLOR
 70
0
  0
APPID
  5
4E
330
3
100
AcDbSymbolTableRecord
100
AcDbRegAppTableRecord
  2
EZDXF
 70
0
  0
ENDTAB
  0
TABLE
  2
DIMSTYLE
  5
4
330
0
100
AcDbSymbolTable
 70
1
100
AcDbDimStyleTable
  0
DIMSTYLE
105
2B
330
4
100
AcDbSymbolTableRecord
100
AcDbDimStyleTableRecord
  2
Standard
 70
0
 40
1.0
 41
2.5
 42
0.625
 43
3.75
 44
1.25
 45
0.0
 46
0.0
 47
0.0
 48
0.0
 49
2.5
140
2.5
141
2.5
142
0.0
143
0.03937007874
144
1.0
145
0.0
146
1.0
147
0.625
148
0.0
 69
0
 70
0
 71
0
 72
0
 73
0
 74
0
 75
0
 76
0
 77
1
 78
8
 79
3
170
0
171
3
172
1
173
0
174
0
175
0
176
0
177
0
178
0
179
2
271
2
272
2
273
2
274
3
275
0
276
0
277
2
278
44
279
0
280
0
281
0
282
0
283
0
284
8
285
0
286
0
288
0
289
3
290
0
371
-2
372
-2
  0
ENDTAB
  0
TABLE
  2
BLOCK_RECORD
  5
9
330
0
100
AcDbSymbolTable
 70
2
  0
BLOCK_RECORD
  5
17
330
9
100
AcDbSymbolTableRecord
100
AcDbBlockTableRecord
  2
*Model_Space
340
1A
 70
0
280
1
281
0
  0
BLOCK_RECORD
  5
1B
330
9
100
AcDbSymbolTableRecord
100
AcDbBlockTableRecord
  2
*Paper_Space
340
1E
 70
0
280
1
281
0
  0
ENDTAB
  0
ENDSEC
  0
SECTION
  2
BLOCKS
  0
BLOCK
  5
18
330
17
100
AcDbEntity
  8
0
100
AcDbBlockBegin
  2
*Model_Space
 70
0
 10
0.0
 20
0.0
 30
0.0
  3
*Model_Space
  1

  0
ENDBLK
  5
19
330
17
100
AcDbEntity
  8
0
100
AcDbBlockEnd
  0
BLOCK
  5
1C
330
1B
100
AcDbEntity
  8
0
100
AcDbBlockBegin
  2
*Paper_Space
 70
0
 10
0.0
 20
0.0
 30
0.0
  3
*Paper_Space
  1

  0
ENDBLK
  5
1D
330
1B
100
AcDbEntity
  8
0
100
AcDbBlockEnd
  0
ENDSEC
  0
SECTION
  2
ENTITIES
  0
HATCH
  5
31
330
17
100
AcDbEntity
  8
SYMBOL
 62
7
420
14239759
100
AcDbHatch
 10
0.0
 20
0.0
 30
0.0
210
0.0
220
0.0
230
1.0
  2
SOLID
 70
1
 71
0
 91
1
 92
3
 72
0
 73
1
 93
673
 10
784.8735640239182
 20
-1033.0239890473015
 10
784.6914395437701
 20
-1030.9067656031411
 10
784.5212522693989
 20
-1028.8088723884764
 10
784.3629350633029
 20
-1026.7301710737258
 10
784.2164207879803
 20
-1024.6705233293071
 10
784.0816423059292
 20
-1022.6297908256386
 10
783.9585324796482
 20
-1020.6078352331378
 10
783.8470241716354
 20
-1018.6045182222232
 10
783.7470502443891
 20
-1016.6197014633127
 10
783.6585435604077
 20
-1014.6532466268242
 10
783.5814369821892
 20
-1012.7050153831757
 10
783.5156633722321
 20
-1010.7748694027854
 10
783.4611555930346
 20
-1008.8626703560712
 10
783.4178465070951
 20
-1006.9682799134512
 10
783.3856689769117
 20
-1005.0915597453434
 10
783.3645558649828
 20
-1003.2323715221656
 10
783.3544400338066
 20
-1001.3905769143362
 10
783.3552543458813
 20
-999.566037592273
 10
783.3669316637055
 20
-997.758615226394
 10
783.3894048497771
 20
-995.9681714871173
 10
783.4664702766562
 20
-992.4376665700427
 10
783.5859135265049
 20
-988.9734162043934
 10
783.7471974993094
 20
-985.5743137535136
 10
783.949785095056
 20
-982.2392525807473
 10
784.1931392137308
 20
-978.967126049439
 10
784.47672275532
 20
-975.7568275229324
 10
784.79999861981
 20
-972.607250364572
 10
785.1624297071868
 20
-969.5172879377019
 10
785.5634789174368
 20
-966.4858336056661
 10
786.0026091505462
 20
-963.5117807318089
 10
786.4792833065011
 20
-960.5940226794744
 10
786.9929642852877
 20
-957.7314528120069
 10
787.5431149868924
 20
-954.9229644927502
 10
788.1291983113014
 20
-952.1674510850489
 10
788.7506771585008
 20
-949.4638059522468
 10
789.4070144284768
 20
-946.8109224576883
 10
790.0976730212158
 20
-944.2076939647175
 10
790.8221158367039
 20
-941.6530138366784
 10
791.5798057749273
 20
-939.1457754369154
 10
792.3702057358722
 20
-936.6848721287724
 10
793.192778619525
 20
-934.2691972755938
 10
794.0469873258717
 20
-931.8976442407236
 10
794.9322947548986
 20
-929.569106387506
 10
795.848163806592
 20
-927.2824770792853
 10
796.794057380938
 20
-925.0366496794054
 10
797.7694383779229
 20
-922.8305175512105
 10
798.7737696975329
 20
-920.6629740580449
 10
799.8065142397543
 20
-918.5329125632528
 10
800.867134904573
 20
-916.4392264301782
 10
801.9550945919757
 20
-914.3808090221652
 10
803.0698562019483
 20
-912.3565537025581
 10
804.210882634477
 20
-910.3653538347012
 10
805.3776367895482
 20
-908.4061027819383
 10
806.5695815671481
 20
-906.4776939076138
 10
807.7861798672627
 20
-904.5790205750718
 10
809.0268945898786
 20
-902.7089761476564
 10
810.2911886349816
 20
-900.8664539887119
 10
811.5785249025582
 20
-899.0503474615823
 10
812.8883662925945
 20
-897.2595499296118
 10
814.2201757050768
 20
-895.4929547561446
 10
815.5734160399912
 20
-893.7494553045249
 10
816.9475501973242
 20
-892.0279449380968
 10
818.3420410770616
 20
-890.3273170202044
 10
819.75635157919
 20
-888.6464649141919
 10
821.1899446036953
 20
-886.9842819834035
 10
822.642283050564
 20
-885.3396615911834
 10
824.1128298197822
 20
-883.7114971008756
 10
825.601047811336
 20
-882.0986818758244
 10
827.1063999252119
 20
-880.5001092793739
 10
828.6283490613959
 20
-878.9146726748681
 10
831.7198900006332
 20
-875.7787808950679
 10
834.8713738289379
 20
-872.6821534431772
 10
838.0785037461995
 20
-869.6159372259489
 10
841.3369829523081
 20
-866.5712791501364
 10
844.6425146471532
 20
-863.5393261224931
 10
847.9908020306246
 20
-860.5112250497721
 10
851.3775483026121
 20
-857.4781228387267
 10
854.7984566630056
 20
-854.4311663961103
 10
858.2492303116946
 20
-851.3615026286759
 10
861.7255724485691
 20
-848.260278443177
 10
865.2231862735186
 20
-845.1186407463665
 10
868.7377749864332
 20
-841.9277364449981
 10
872.2650417872023
 20
-838.6787124458249
 10
875.800689875716
 20
-835.3627156556001
 10
877.5703141528426
 20
-833.6768358722038
 10
879.3404224518639
 20
-831.970892981077
 10
881.1104776727661
 20
-830.2437803455639
 10
882.8799427155357
 20
-828.4943913290087
 10
884.6482804801586
 20
-826.7216192947557
 10
886.4149538666212
 20
-824.9243576061488
 10
888.1794257749096
 20
-823.1014996265324
 10
889.9411591050102
 20
-821.2519387192503
 10
891.6996167569091
 20
-819.374568247647
 10
893.4542616305924
 20
-817.4682815750665
 10
895.2045566260466
 20
-815.5319720648531
 10
896.9499646432578
 20
-813.5645330803507
 10
898.6899485822121
 20
-811.5648579849037
 10
900.4239713428958
 20
-809.5318401418562
 10
902.1514958252952
 20
-807.4643729145523
 10
903.8719849293965
 20
-805.3613496663361
 10
905.5849015551858
 20
-803.2216637605519
 10
907.2897086026494
 20
-801.0442085605438
 10
908.9858689717735
 20
-798.8278774296559
 10
910.6728455625444
 20
-796.5715637312326
 10
912.3501012749482
 20
-794.2741608286177
 10
914.0170990089712
 20
-791.9345620851556
 10
915.6733016645995
 20
-789.5516608641904
 10
917.3181721418196
 20
-787.1243505290661
 10
918.9511733406174
 20
-784.6515244431271
 10
920.5717681609793
 20
-782.1320759697174
 10
922.1794195028915
 20
-779.5648984721813
 10
923.7735902663402
 20
-776.9488853138628
 10
925.3537433513117
 20
-774.2829298581062
 10
926.919341657792
 20
-771.5659254682555
 10
928.4698480857675
 20
-768.796765507655
 10
930.0047255352243
 20
-765.9743433396488
 10
931.5234369061488
 20
-763.0975523275811
 10
933.0254450985271
 20
-760.165285834796
 10
934.5102130123455
 20
-757.1764372246377
 10
935.9772035475902
 20
-754.1298998604502
 10
937.4258796042473
 20
-751.024567105578
 10
938.8557040823031
 20
-747.8593323233648
 10
940.2661398817437
 20
-744.6330888771552
 10
941.6566499025556
 20
-741.344730130293
 10
941.6630083138497
 20
-743.1979384253367
 10
941.6409248334894
 20
-745.0443709652649
 10
941.5907779545278
 20
-746.8840245083458
 10
941.5129461700179
 20
-748.716895812848
 10
941.4078079730128
 20
-750.54298163704
 10
941.2757418565658
 20
-752.3622787391903
 10
941.1171263137296
 20
-754.1747838775674
 10
940.9323398375576
 20
-755.9804938104397
 10
940.7217609211028
 20
-757.7794052960757
 10
940.4857680574182
 20
-759.5715150927439
 10
940.2247397395569
 20
-761.3568199587128
 10
939.939054460572
 20
-763.1353166522508
 10
939.6290907135166
 20
-764.9070019316266
 10
939.2952269914438
 20
-766.6718725551084
 10
938.9378417874066
 20
-768.4299252809649
 10
938.557313594458
 20
-770.1811568674643
 10
938.1540209056514
 20
-771.9255640728754
 10
937.7283422140396
 20
-773.6631436554666
 10
937.2806560126758
 20
-775.3938923735062
 10
936.8113407946129
 20
-777.1178069852629
 10
936.3207750529042
 20
-778.8348842490051
 10
935.8093372806027
 20
-780.5451209230013
 10
935.2774059707615
 20
-782.2485137655199
 10
934.7253596164337
 20
-783.9450595348294
 10
934.1535767106723
 20
-785.6347549891983
 10
933.5624357465304
 20
-787.3175968868952
 10
932.3235936153175
 20
-790.6627070453465
 10
931.0118611672195
 20
-793.9803640763312
 10
929.6302663466613
 20
-797.2705420459971
 10
928.1818370980674
 20
-800.5332150204921
 10
926.6696013658624
 20
-803.7683570659639
 10
925.096587094471
 20
-806.9759422485606
 10
923.4658222283178
 20
-810.1559446344298
 10
921.7803347118275
 20
-813.3083382897196
 10
920.0431524894246
 20
-816.4330972805776
 10
918.257303505534
 20
-819.5301956731518
 10
916.42581570458
 20
-822.59960753359
 10
914.5517170309876
 20
-825.64130692804
 10
912.6380354291811
 20
-828.6552679226497
 10
910.6877988435854
 20
-831.6414645835671
 10
908.7040352186249
 20
-834.5998709769398
 10
906.6897724987244
 20
-837.5304611689157
 10
904.6480386283085
 20
-840.4332092256428
 10
902.5818615518018
 20
-843.3080892132689
 10
900.4942692136291
 20
-846.1550751979416
 10
898.3882895582148
 20
-848.9741412458092
 10
896.2669505299837
 20
-851.7652614230192
 10
894.1332800733604
 20
-854.5284097957195
 10
891.9903061327695
 20
-857.2635604300581
 10
889.8410566526356
 20
-859.9706873921826
 10
887.6885595773836
 20
-862.6497647482411
 10
885.5358428514378
 20
-865.3007665643813
 10
883.385934419223
 20
-867.9236669067511
 10
881.2418622251638
 20
-870.5184398414983
 10
879.1066542136849
 20
-873.085059434771
 10
876.9833383292109
 20
-875.6234997527166
 10
874.8749425161665
 20
-878.1337348614834
 10
872.7844947189761
 20
-880.6157388272188
 10
870.7150228820647
 20
-883.0694857160711
 10
868.6695549498565
 20
-885.4949495941878
 10
866.6511188667765
 20
-887.892104527717
 10
864.6627425772493
 20
-890.2609245828064
 10
862.7074540256995
 20
-892.6013838256039
 10
860.7882811565515
 20
-894.9134563222573
 10
858.9082519142304
 20
-897.1971161389145
 10
857.0703942431604
 20
-899.4523373417233
 10
855.2777360877664
 20
-901.6790939968316
 10
853.5333053924728
 20
-903.8773601703873
 10
851.8401301017045
 20
-906.047109928538
 10
850.2012381598861
 20
-908.188317337432
 10
848.619657511442
 20
-910.3009564632167
 10
847.0984161007972
 20
-912.3850013720402
 10
845.640541872376
 20
-914.4404261300501
 10
844.2490627706032
 20
-916.4672048033947
 10
842.9270067399035
 20
-918.4653114582214
 10
841.6774017247013
 20
-920.4347201606784
 10
841.0807145805446
 20
-921.4086546754393
 10
840.5032756694216
 20
-922.3754049769132
 10
839.893844030116
 20
-923.4277349736519
 10
839.2941017919405
 20
-924.5001595501332
 10
838.7040865634635
 20
-925.5923643280854
 10
838.123835953254
 20
-926.7040349292373
 10
837.5533875698802
 20
-927.8348569753175
 10
836.9927790219111
 20
-928.9845160880546
 10
836.4420479179151
 20
-930.1526978891773
 10
835.9012318664611
 20
-931.3390880004141
 10
835.3703684761175
 20
-932.5433720434937
 10
834.8494953554531
 20
-933.7652356401446
 10
833.8378703574363
 20
-936.2604439810752
 10
832.8666577409597
 20
-938.8221979970349
 10
831.9361583745725
 20
-941.4479826618525
 10
831.0466731268239
 20
-944.135282949357
 10
830.198502866263
 20
-946.8815838333776
 10
829.391948461439
 20
-949.6843702877429
 10
828.627310780901
 20
-952.5411272862823
 10
827.9048906931981
 20
-955.4493398028244
 10
827.2249890668796
 20
-958.4064928111984
 10
826.5879067704946
 20
-961.4100712852331
 10
825.9939446725921
 20
-964.4575601987576
 10
825.4434036417214
 20
-967.5464445256008
 10
824.9365845464315
 20
-970.6742092395916
 10
824.4737882552716
 20
-973.8383393145592
 10
824.0553156367911
 20
-977.0363197243324
 10
823.6814675595388
 20
-980.2656354427402
 10
823.352544892064
 20
-983.5237714436115
 10
823.0688485029158
 20
-986.8082127007754
 10
822.8306792606434
 20
-990.1164441880608
 10
822.6383380337959
 20
-993.4459508792967
 10
822.4921256909224
 20
-996.7942177483119
 10
822.3923431005721
 20
-1000.1587297689357
 10
822.3392911312943
 20
-1003.5369719149968
 10
822.3332706516379
 20
-1006.9264291603242
 10
822.3745825301522
 20
-1010.324586478747
 10
822.4635276353863
 20
-1013.7289288440941
 10
822.6004068358893
 20
-1017.1369412301943
 10
822.7855210002105
 20
-1020.5461086108769
 10
823.0191709968988
 20
-1023.9539159599707
 10
823.3016576945034
 20
-1027.3578482513046
 10
823.6332819615737
 20
-1030.7553904587076
 10
824.0143446666586
 20
-1034.1440275560087
 10
824.4451466783074
 20
-1037.521244517037
 10
824.9259888650691
 20
-1040.8845263156213
 10
825.457172095493
 20
-1044.2313579255906
 10
826.038997238128
 20
-1047.5592243207739
 10
826.6717651615236
 20
-1050.865610475
 10
827.3557767342286
 20
-1054.1480013620983
 10
828.0913328247924
 20
-1057.4038819558973
 10
828.878734301764
 20
-1060.6307372302263
 10
829.7182820336925
 20
-1063.8260521589139
 10
830.6102768891272
 20
-1066.9873117157895
 10
831.5550197366173
 20
-1070.1120008746818
 10
832.5528114447118
 20
-1073.1976046094198
 10
833.6039528819598
 20
-1076.2416078938325
 10
834.7087449169105
 20
-1079.241495701749
 10
835.8674884181131
 20
-1082.1947530069979
 10
837.0804842541168
 20
-1085.0988647834088
 10
838.3480332934706
 20
-1087.95131600481
 10
839.6704364047237
 20
-1090.7495916450307
 10
840.3523022587341
 20
-1092.12762767652
 10
841.0479944564253
 20
-1093.4911766779
 10
841.7575506063658
 20
-1094.8399242708995
 10
842.4810083171245
 20
-1096.173556077247
 10
843.2184051972698
 20
-1097.491757718671
 10
843.9697788553705
 20
-1098.7942148169002
 10
844.735166899995
 20
-1100.0806129936634
 10
845.5146069397123
 20
-1101.3506378706888
 10
846.3081365830907
 20
-1102.6039750697057
 10
847.1157934386991
 20
-1103.840310212442
 10
847.937615115106
 20
-1105.0593289206267
 10
848.7736392208802
 20
-1106.2607168159884
 10
849.6239033645901
 20
-1107.4441595202559
 10
850.4884451548046
 20
-1108.6093426551574
 10
851.3673022000921
 20
-1109.7559518424216
 10
852.2605121090214
 20
-1110.8836727037774
 10
853.1681124901612
 20
-1111.9921908609533
 10
854.09014095208
 20
-1113.081191935678
 10
853.6846795786134
 20
-1111.0745287090476
 10
853.319851203614
 20
-1109.08082986
 10
852.9952063283419
 20
-1107.0999776960298
 10
852.7102954540566
 20
-1105.1318545246324
 10
852.4646690820184
 20
-1103.176342653303
 10
852.257877713487
 20
-1101.2333243895366
 10
852.0894718497224
 20
-1099.3026820408284
 10
851.9590019919843
 20
-1097.3842979146737
 10
851.866018641533
 20
-1095.4780543185675
 10
851.8100722996281
 20
-1093.5838335600051
 10
851.7907134675296
 20
-1091.7015179464815
 10
851.8074926464973
 20
-1089.8309897854922
 10
851.8599603377913
 20
-1087.972131384532
 10
851.9476670426714
 20
-1086.1248250510964
 10
852.0701632623975
 20
-1084.2889530926802
 10
852.2269994982295
 20
-1082.4643978167787
 10
852.4177262514273
 20
-1080.6510415308871
 10
852.6418940232509
 20
-1078.8487665425007
 10
852.89905331496
 20
-1077.0574551591144
 10
853.1887546278148
 20
-1075.2769896882237
 10
853.510548463075
 20
-1073.5072524373234
 10
853.8639853220005
 20
-1071.7481257139088
 10
854.2486157058514
 20
-1069.9994918254754
 10
854.6639901158874
 20
-1068.2612330795178
 10
855.1096590533684
 20
-1066.5332317835314
 10
855.5851730195545
 20
-1064.8153702450115
 10
856.0900825157055
 20
-1063.1075307714532
 10
856.6239380430812
 20
-1061.4095956703516
 10
857.1862901029416
 20
-1059.7214472492017
 10
857.7766891965467
 20
-1058.0429678154992
 10
858.3946858251563
 20
-1056.3740396767387
 10
859.0398304900302
 20
-1054.7145451404156
 10
859.7116736924286
 20
-1053.064366514025
 10
860.4097659336112
 20
-1051.4233861050623
 10
861.1336577148379
 20
-1049.7914862210223
 10
861.8828995373686
 20
-1048.1685491694004
 10
862.6570419024633
 20
-1046.5544572576919
 10
863.4556353113819
 20
-1044.9490927933916
 10
864.2782302653842
 20
-1043.352338083995
 10
865.1243772657302
 20
-1041.764075436997
 10
865.9936268136798
 20
-1040.1841871598929
 10
866.885529410493
 20
-1038.6125555601777
 10
867.7996355574294
 20
-1037.049062945347
 10
868.7354957557492
 20
-1035.4935916228953
 10
869.6926605067122
 20
-1033.9460239003186
 10
870.6706803115783
 20
-1032.4062420851112
 10
871.6691056716074
 20
-1030.874128484769
 10
872.6874870880595
 20
-1029.3495654067865
 10
873.7253750621944
 20
-1027.8324351586596
 10
874.782320095272
 20
-1026.3226200478828
 10
876.9515833432952
 20
-1023.324464468361
 10
879.191680842208
 20
-1020.3541571281828
 10
881.4990166020901
 20
-1017.4107564873093
 10
883.8699946330205
 20
-1014.493321005702
 10
886.3010189450785
 20
-1011.600909143322
 10
888.7884935483434
 20
-1008.7325793601309
 10
891.3288224528943
 20
-1005.8873901160899
 10
893.9184096688106
 20
-1003.0643998711603
 10
896.5536592061715
 20
-1000.2626670853033
 10
899.2309750750562
 20
-997.4812502184805
 10
901.9467612855441
 20
-994.719207730653
 10
904.6974218477143
 20
-991.9755980817823
 10
907.4793607716462
 20
-989.2494797318295
 10
910.2889820674188
 20
-986.5399111407562
 10
913.1226897451116
 20
-983.8459507685235
 10
915.9768878148038
 20
-981.1666570750929
 10
918.8479802865746
 20
-978.5010885204256
 10
924.6264644766692
 20
-973.2073606672261
 10
930.4293743960292
 20
-967.957234888616
 10
936.2279421252887
 20
-962.7431788642856
 10
941.9933997450819
 20
-957.5576602739256
 10
947.6969793360425
 20
-952.3931467972267
 10
950.5165748959088
 20
-949.8164131264034
 10
953.3099129788048
 20
-947.2421061138793
 10
956.0733975948096
 20
-944.6692842196159
 10
958.8034327540026
 20
-942.0970059035742
 10
961.4964224664631
 20
-939.5243296257157
 10
964.1487707422701
 20
-936.9503138460018
 10
966.7568815915032
 20
-934.3740170243938
 10
969.3171590242413
 20
-931.7944976208528
 10
971.8260070505638
 20
-929.2108140953404
 10
974.27982968055
 20
-926.6220249078178
 10
976.6750309242792
 20
-924.0271885182464
 10
979.0080147918305
 20
-921.4253633865874
 10
981.6139270189868
 20
-918.4431939771838
 10
984.1590983743068
 20
-915.4683480936604
 10
986.6438647193276
 20
-912.5007656538248
 10
989.0685619155861
 20
-909.5403865754845
 10
991.4335258246196
 20
-906.5871507764468
 10
993.7390923079649
 20
-903.6409981745192
 10
995.9855972271594
 20
-900.7018686875091
 10
998.17337644374
 20
-897.7697022332239
 10
1000.3027658192437
 20
-894.8444387294712
 10
1002.3741012152079
 20
-891.9260180940583
 10
1004.3877184931694
 20
-889.0143802447928
 10
1006.3439535146654
 20
-886.109465099482
 10
1008.2431421412329
 20
-883.2112125759334
 10
1010.085620234409
 20
-880.3195625919544
 10
1011.8717236557308
 20
-877.4344550653526
 10
1013.6017882667354
 20
-874.5558299139352
 10
1015.2761499289599
 20
-871.6836270555099
 10
1016.8951445039414
 20
-868.8177864078839
 10
1018.4591078532168
 20
-865.9582478888648
 10
1019.9683758383234
 20
-863.10495141626
 10
1021.4232843207982
 20
-860.2578369078769
 10
1022.8241691621782
 20
-857.416844281523
 10
1024.1713662240004
 20
-854.5819134550057
 10
1025.4652113678026
 20
-851.7529843461326
 10
1026.7060404551207
 20
-848.929996872711
 10
1027.8941893474926
 20
-846.1128909525482
 10
1029.0299939064553
 20
-843.301606503452
 10
1030.1137899935457
 20
-840.4960834432296
 10
1031.145913470301
 20
-837.6962616896885
 10
1032.1267001982578
 20
-834.9020811606362
 10
1033.056486038954
 20
-832.11348177388
 10
1033.9356068539264
 20
-829.3304034472275
 10
1034.7643985047116
 20
-826.552786098486
 10
1035.5431968528474
 20
-823.7805696454631
 10
1036.2723377598704
 20
-821.013694005966
 10
1036.9521570873176
 20
-818.2520990978024
 10
1037.5829906967265
 20
-815.4957248387798
 10
1038.165174449634
 20
-812.7445111467053
 10
1038.6990442075771
 20
-809.9983979393867
 10
1039.1849358320928
 20
-807.2573251346312
 10
1039.6231851847183
 20
-804.5212326502462
 10
1040.0141281269907
 20
-801.7900604040394
 10
1040.3581005204474
 20
-799.0637483138181
 10
1040.655438226625
 20
-796.3422362973898
 10
1040.9064771070607
 20
-793.6254642725619
 10
1041.1115530232914
 20
-790.9133721571418
 10
1041.2710018368548
 20
-788.2058998689371
 10
1041.3851594092876
 20
-785.5029873257549
 10
1041.4543616021265
 20
-782.8045744454031
 10
1041.4789442769088
 20
-780.1106011456889
 10
1041.4592432951722
 20
-777.4210073444196
 10
1041.395594518453
 20
-774.735732959403
 10
1041.2883338082888
 20
-772.0547179084463
 10
1041.1377970262165
 20
-769.377902109357
 10
1040.9443200337728
 20
-766.7052254799426
 10
1040.7082386924953
 20
-764.0366279380104
 10
1040.4298888639214
 20
-761.3720494013679
 10
1040.1096064095868
 20
-758.7114297878227
 10
1039.7477271910302
 20
-756.054709015182
 10
1039.3445870697878
 20
-753.4018270012534
 10
1038.9005219073965
 20
-750.7527236638443
 10
1038.415867565394
 20
-748.1073389207622
 10
1037.8909599053172
 20
-745.4656126898144
 10
1037.3261347887028
 20
-742.8274848888086
 10
1036.7217280770883
 20
-740.192895435552
 10
1036.0780756320105
 20
-737.5617842478521
 10
1035.3955133150066
 20
-734.9340912435164
 10
1034.6743769876139
 20
-732.3097563403524
 10
1033.9150025113695
 20
-729.6887194561673
 10
1033.1177257478098
 20
-727.0709205087688
 10
1032.2828825584725
 20
-724.4562994159643
 10
1031.4108088048947
 20
-721.8447960955612
 10
1030.5018403486133
 20
-719.2363504653667
 10
1029.556313051165
 20
-716.6309024431887
 10
1028.5745627740876
 20
-714.0283919468344
 10
1027.5569253789176
 20
-711.4287588941112
 10
1026.503736727193
 20
-708.8319432028267
 10
1025.4153326804494
 20
-706.2378847907883
 10
1024.292049100225
 20
-703.6465235758033
 10
1023.1342218480567
 20
-701.0577994756792
 10
1021.9421867854813
 20
-698.4716524082235
 10
1020.7162797740363
 20
-695.8880222912437
 10
1019.4568366752582
 20
-693.3068490425471
 10
1018.1641933506845
 20
-690.7280725799413
 10
1016.8386856618523
 20
-688.1516328212338
 10
1015.4806494702983
 20
-685.5774696842317
 10
1014.0904206375602
 20
-683.0055230867426
 10
1012.6683350251744
 20
-680.4357329465743
 10
1011.2147284946785
 20
-677.8680391815336
 10
1009.7299369076094
 20
-675.3023817094285
 10
1008.214296125504
 20
-672.7387004480662
 10
1006.6681420098997
 20
-670.1769353152541
 10
1005.0918104223333
 20
-667.6170262287998
 10
1003.4856372243421
 20
-665.0589131065105
 10
1001.8499582774631
 20
-662.502535866194
 10
1000.1851094432334
 20
-659.9478344256574
 10
998.49142658319
 20
-657.3947487027085
 10
996.76924555887
 20
-654.8432186151545
 10
995.0189022318107
 20
-652.2931840808027
 10
993.2407324635487
 20
-649.7445850174608
 10
991.4350721156217
 20
-647.1973613429362
 10
989.6022570495662
 20
-644.6514529750364
 10
987.7426231269196
 20
-642.1067998315687
 10
985.856506209219
 20
-639.5633418303405
 10
983.9442421580014
 20
-637.0210188891594
 10
982.0061668348038
 20
-634.4797709258328
 10
980.0426161011635
 20
-631.9395378581683
 10
978.0539258186174
 20
-629.4002596039729
 10
976.0404318487026
 20
-626.8618760810544
 10
974.0024700529561
 20
-624.3243272072202
 10
971.9403762929153
 20
-621.7875529002778
 10
969.8544864301169
 20
-619.2514930780345
 10
967.7451363260983
 20
-616.7160876582977
 10
965.6126618423963
 20
-614.1812765588751
 10
963.4573988405482
 20
-611.6469996975738
 10
961.2796831820909
 20
-609.1131969922017
 10
959.0798507285617
 20
-606.5798083605658
 10
956.8582373414976
 20
-604.0467737204738
 10
954.6151788824354
 20
-601.5140329897329
 10
952.3510112129126
 20
-598.9815260861508
 10
950.0660701944661
 20
-596.4491929275349
 10
947.760691688633
 20
-593.9169734316926
 10
943.089965660955
 20
-588.8526350995585
 10
938.3415200221758
 20
-583.7880304322081
 10
933.5180416645916
 20
-578.722678772101
 10
933.6785112778391
 20
-580.8321337465919
 10
933.7946609902714
 20
-582.9442528534707
 10
933.8670225437305
 20
-585.058916657526
 10
933.8961276800586
 20
-587.1760057235459
 10
933.8825081410979
 20
-589.2954006163192
 10
933.8266956686906
 20
-591.4169819006341
 10
933.7292220046786
 20
-593.5406301412793
 10
933.5906188909042
 20
-595.666225903043
 10
933.4114180692096
 20
-597.7936497507138
 10
933.1921512814368
 20
-599.9227822490802
 10
932.9333502694282
 20
-602.0535039629306
 10
932.6355467750255
 20
-604.1856954570534
 10
932.2992725400711
 20
-606.3192372962372
 10
931.9250593064072
 20
-608.4540100452704
 10
931.5134388158759
 20
-610.5898942689414
 10
931.0649428103193
 20
-612.7267705320387
 10
930.5801030315795
 20
-614.8645193993507
 10
930.0594512214986
 20
-617.003021435666
 10
929.503519121919
 20
-619.142157205773
 10
928.9128384746825
 20
-621.2818072744601
 10
928.2879410216315
 20
-623.4218522065158
 10
927.629358504608
 20
-625.5621725667286
 10
926.9376226654542
 20
-627.7026489198868
 10
926.2132652460123
 20
-629.8431618307791
 10
925.4568179881243
 20
-631.9835918641937
 10
924.6688126336325
 20
-634.1238195849193
 10
923.8497809243788
 20
-636.2637255577442
 10
923.0002546022055
 20
-638.403190347457
 10
922.1207654089548
 20
-640.5420945188459
 10
921.2118450864688
 20
-642.6803186366997
 10
920.2740253765895
 20
-644.8177432658066
 10
919.3078380211591
 20
-646.9542489709552
 10
918.31381476202
 20
-649.0897163169338
 10
917.292487341014
 20
-651.224025868531
 10
916.2443874999833
 20
-653.3570581905353
 10
915.1700469807702
 20
-655.488693847735
 10
914.0699975252168
 20
-657.6188134049187
 10
912.9447708751651
 20
-659.7472974268749
 10
911.7948987724574
 20
-661.8740264783918
 10
910.6209129589356
 20
-663.998881124258
 10
909.4233451764421
 20
-666.121741929262
 10
908.202727166819
 20
-668.2424894581924
 10
906.9595906719084
 20
-670.3610042758373
 10
905.6944674335524
 20
-672.4771669469854
 10
904.4078891935932
 20
-674.5908580364252
 10
903.1003876938729
 20
-676.7019581089451
 10
901.7724946762336
 20
-678.8103477293333
 10
900.4247418825175
 20
-680.9159074623788
 10
897.6717839342234
 20
-685.1180595255942
 10
894.8457677837279
 20
-689.3074588168992
 10
891.9509473657678
 20
-693.4831498546013
 10
888.9915766150805
 20
-697.6441771570082
 10
885.971909466403
 20
-701.7895852424276
 10
882.8961998544723
 20
-705.9184186291673
 10
879.7687017140258
 20
-710.0297218355347
 10
876.5936689798004
 20
-714.1225393798377
 10
873.3753555865333
 20
-718.1959157803838
 10
870.1180154689616
 20
-722.2488955554808
 10
866.8259025618225
 20
-726.2805232234364
 10
863.503270799853
 20
-730.289843302558
 10
860.1543741177903
 20
-734.2759003111537
 10
856.7834664503715
 20
-738.2377387675308
 10
853.3948017323337
 20
-742.1744031899971
 10
849.992633898414
 20
-746.0849380968604
 10
846.5812168833497
 20
-749.9683880064282
 10
843.1648046218777
 20
-753.8237974370082
 10
839.7476510487352
 20
-757.6502109069081
 10
836.3340100986594
 20
-761.4466729344357
 10
832.9281357063873
 20
-765.2122280378985
 10
829.534281806656
 20
-768.9459207356042
 10
826.1567023342028
 20
-772.6467955458605
 10
822.7996512237647
 20
-776.3138969869751
 10
819.4673824100788
 20
-779.9462695772556
 10
816.1641498278823
 20
-783.5429578350097
 10
812.8942074119121
 20
-787.1030062785452
 10
809.6618090969058
 20
-790.6254594261695
 10
806.4712088176001
 20
-794.1093617961906
 10
803.3266605087321
 20
-797.553757906916
 10
800.2324181050392
 20
-800.9576922766532
 10
797.1927355412583
 20
-804.3202094237101
 10
794.2118667521268
 20
-807.6403538663944
 10
791.2940656723814
 20
-810.9171701230138
 10
789.8601448781341
 20
-812.5390315935201
 10
788.4435862367596
 20
-814.1497027118758
 10
787.0449214901004
 20
-815.7490640428688
 10
785.6646823799983
 20
-817.336996151288
 10
784.3034006482958
 20
-818.9133796019216
 10
782.9616080368347
 20
-820.4780949595583
 10
781.6398362874575
 20
-822.0310227889863
 10
780.338617142006
 20
-823.5720436549943
 10
779.0584823423225
 20
-825.1010381223705
 10
777.7999636302492
 20
-826.6178867559036
 10
776.563592747628
 20
-828.122470120382
 10
775.3499014363014
 20
-829.614668780594
 10
774.0251369198004
 20
-831.2788270834471
 10
772.7365043492192
 20
-832.9512268101724
 10
771.483668631268
 20
-834.6316498653449
 10
770.2662946726568
 20
-836.3198781535399
 10
769.0840473800961
 20
-838.0156935793326
 10
767.9365916602957
 20
-839.7188780472983
 10
766.823592419966
 20
-841.4292134620121
 10
765.7447145658169
 20
-843.1464817280494
 10
764.6996230045589
 20
-844.8704647499852
 10
763.6879826429018
 20
-846.6009444323951
 10
762.7094583875561
 20
-848.3377026798539
 10
761.7637151452317
 20
-850.080521396937
 10
760.8504178226389
 20
-851.8291824882198
 10
759.9692313264877
 20
-853.5834678582772
 10
759.1198205634885
 20
-855.3431594116847
 10
758.3018504403512
 20
-857.1080390530174
 10
757.5149858637861
 20
-858.8778886868505
 10
756.7588917405035
 20
-860.6524902177594
 10
756.0332329772133
 20
-862.4316255503192
 10
755.3376744806257
 20
-864.215076589105
 10
754.6718811574509
 20
-866.0026252386922
 10
754.0355179143992
 20
-867.7940534036561
 10
753.4282496581806
 20
-869.5891429885717
 10
752.8497412955052
 20
-871.3876758980144
 10
752.2996577330833
 20
-873.1894340365593
 10
751.7776638776251
 20
-874.9941993087818
 10
751.2834246358404
 20
-876.8017536192569
 10
750.8166049144398
 20
-878.61187887256
 10
750.3768696201333
 20
-880.4243569732664
 10
749.963883659631
 20
-882.2389698259511
 10
749.5773119396432
 20
-884.0554993351894
 10
749.2168193668798
 20
-885.8737274055567
 10
748.8820708480512
 20
-887.693435941628
 10
748.5727312898674
 20
-889.5144068479785
 10
748.2884655990388
 20
-891.3364220291837
 10
748.0289386822752
 20
-893.1592633898186
 10
747.793815446287
 20
-894.9827128344585
 10
747.5827607977843
 20
-896.8065522676787
 10
747.3954396434773
 20
-898.6305635940544
 10
747.2315168900761
 20
-900.4545287181605
 10
747.0906574442909
 20
-902.2782295445728
 10
746.9725262128318
 20
-904.1014479778661
 10
746.876788102409
 20
-905.9239659226157
 10
746.8031080197327
 20
-907.745565283397
 10
746.7511508715129
 20
-909.566027964785
 10
746.72058156446
 20
-911.3851358713553
 10
746.7110650052839
 20
-913.2026709076825
 10
746.7222661006949
 20
-915.0184149783424
 10
746.7538497574033
 20
-916.83214998791
 10
746.805480882119
 20
-918.6436578409606
 10
746.9675451624132
 20
-922.2591196958115
 10
747.205778195259
 20
-925.8630557794968
 10
747.5174992343375
 20
-929.4537213286186
 10
747.90002753333
 20
-933.0293715797785
 10
748.3506823459179
 20
-936.5882617695784
 10
748.8667829257823
 20
-940.12864713462
 10
749.4456485266046
 20
-943.6487829115054
 10
750.0845984020659
 20
-947.146924336836
 10
750.7809518058476
 20
-950.621326647214
 10
751.532027991631
 20
-954.0702450792411
 10
752.3351462130972
 20
-957.491934869519
 10
753.1876257239277
 20
-960.8846512546496
 10
754.0867857778035
 20
-964.2466494712348
 10
755.0299456284059
 20
-967.5761847558763
 10
756.0144245294165
 20
-970.8715123451759
 10
757.0375417345161
 20
-974.1308874757356
 10
758.0966164973863
 20
-977.352565384157
 10
759.1889680717082
 20
-980.534801307042
 10
760.3119157111632
 20
-983.6758504809924
 10
761.4627786694325
 20
-986.7739681426101
 10
762.6388762001973
 20
-989.8274095284969
 10
763.8375275571389
 20
-992.8344298752545
 10
765.0560519939386
 20
-995.7932844194847
 10
766.2917687642775
 20
-998.7022283977897
 10
767.5419971218372
 20
-1001.5595170467709
 10
768.8040563202987
 20
-1004.3634056030302
 10
770.0752656133434
 20
-1007.1121493031694
 10
771.3529442546525
 20
-1009.8040033837906
 10
772.6344114979072
 20
-1012.4372230814952
 10
773.9169865967889
 20
-1015.0100636328852
 10
775.1979888049788
 20
-1017.5207802745626
 10
776.474737376158
 20
-1019.9676282431291
 10
777.7445515640081
 20
-1022.3488627751863
 10
779.0047506222102
 20
-1024.6627391073362
 10
780.2526538044456
 20
-1026.9075124761807
 10
781.4855803643953
 20
-1029.0814381183216
 10
782.700849555741
 20
-1031.1827712703605
 10
783.8957806321638
 20
-1033.2097671688994
 10
784.4847816440545
 20
-1034.1948434095443
 10
785.0676928473448
 20
-1035.16068105054
 97
0
 75
0
 76
1
 98
0
  0
LWPOLYLINE
  5
32
330
17
100
AcDbEntity
  8
SYMBOL
100
AcDbPolyline
 90
674
 70
1
 10
784.8735640239182
 20
-1033.0239890473015
 10
784.6914395437701
 20
-1030.9067656031411
 10
784.5212522693989
 20
-1028.8088723884764
 10
784.3629350633029
 20
-1026.7301710737258
 10
784.2164207879803
 20
-1024.6705233293071
 10
784.0816423059292
 20
-1022.6297908256386
 10
783.9585324796482
 20
-1020.6078352331378
 10
783.8470241716354
 20
-1018.6045182222232
 10
783.7470502443891
 20
-1016.6197014633127
 10
783.6585435604077
 20
-1014.6532466268242
 10
783.5814369821892
 20
-1012.7050153831757
 10
783.5156633722321
 20
-1010.7748694027854
 10
783.4611555930346
 20
-1008.8626703560712
 10
783.4178465070951
 20
-1006.9682799134512
 10
783.3856689769117
 20
-1005.0915597453434
 10
783.3645558649828
 20
-1003.2323715221656
 10
783.3544400338066
 20
-1001.3905769143362
 10
783.3552543458813
 20
-999.566037592273
 10
783.3669316637055
 20
-997.758615226394
 10
783.3894048497771
 20
-995.9681714871173
 10
783.4664702766562
 20
-992.4376665700427
 10
783.5859135265049
 20
-988.9734162043934
 10
783.7471974993094
 20
-985.5743137535136
 10
783.949785095056
 20
-982.2392525807473
 10
784.1931392137308
 20
-978.967126049439
 10
784.47672275532
 20
-975.7568275229324
 10
784.79999861981
 20
-972.607250364572
 10
785.1624297071868
 20
-969.5172879377019
 10
785.5634789174368
 20
-966.4858336056661
 10
786.0026091505462
 20
-963.5117807318089
 10
786.4792833065011
 20
-960.5940226794744
 10
786.9929642852877
 20
-957.7314528120069
 10
787.5431149868924
 20
-954.9229644927502
 10
788.1291983113014
 20
-952.1674510850489
 10
788.7506771585008
 20
-949.4638059522468
 10
789.4070144284768
 20
-946.8109224576883
 10
790.0976730212158
 20
-944.2076939647175
 10
790.8221158367039
 20
-941.6530138366784
 10
791.5798057749273
 20
-939.1457754369154
 10
792.3702057358722
 20
-936.6848721287724
 10
793.192778619525
 20
-934.2691972755938
 10
794.0469873258717
 20
-931.8976442407236
 10
794.9322947548986
 20
-929.569106387506
 10
795.848163806592
 20
-927.2824770792853
 10
796.794057380938
 20
-925.0366496794054
 10
797.7694383779229
 20
-922.8305175512105
 10
798.7737696975329
 20
-920.6629740580449
 10
799.8065142397543
 20
-918.5329125632528
 10
800.867134904573
 20
-916.4392264301782
 10
801.9550945919757
 20
-914.3808090221652
 10
803.0698562019483
 20
-912.3565537025581
 10
804.210882634477
 20
-910.3653538347012
 10
805.3776367895482
 20
-908.4061027819383
 10
806.5695815671481
 20
-906.4776939076138
 10
807.7861798672627
 20
-904.5790205750718
 10
809.0268945898786
 20
-902.7089761476564
 10
810.2911886349816
 20
-900.8664539887119
 10
811.5785249025582
 20
-899.0503474615823
 10
812.8883662925945
 20
-897.2595499296118
 10
814.2201757050768
 20
-895.4929547561446
 10
815.5734160399912
 20
-893.7494553045249
 10
816.9475501973242
 20
-892.0279449380968
 10
818.3420410770616
 20
-890.3273170202044
 10
819.75635157919
 20
-888.6464649141919
 10
821.1899446036953
 20
-886.9842819834035
 10
822.642283050564
 20
-885.3396615911834
 10
824.1128298197822
 20
-883.7114971008756
 10
825.601047811336
 20
-882.0986818758244
 10
827.1063999252119
 20
-880.5001092793739
 10
828.6283490613959
 20
-878.9146726748681
 10
831.7198900006332
 20
-875.7787808950679
 10
834.8713738289379
 20
-872.6821534431772
 10
838.0785037461995
 20
-869.6159372259489
 10
841.3369829523081
 20
-866.5712791501364
 10
844.6425146471532
 20
-863.5393261224931
 10
847.9908020306246
 20
-860.5112250497721
 10
851.3775483026121
 20
-857.4781228387267
 10
854.7984566630056
 20
-854.4311663961103
 10
858.2492303116946
 20
-851.3615026286759
 10
861.7255724485691
 20
-848.260278443177
 10
865.2231862735186
 20
-845.1186407463665
 10
868.7377749864332
 20
-841.9277364449981
 10
872.2650417872023
 20
-838.6787124458249
 10
875.800689875716
 20
-835.3627156556001
 10
877.5703141528426
 20
-833.6768358722038
 10
879.3404224518639
 20
-831.970892981077
 10
881.1104776727661
 20
-830.2437803455639
 10
882.8799427155357
 20
-828.4943913290087
 10
884.6482804801586
 20
-826.7216192947557
 10
886.4149538666212
 20
-824.9243576061488
 10
888.1794257749096
 20
-823.1014996265324
 10
889.9411591050102
 20
-821.2519387192503
 10
891.6996167569091
 20
-819.374568247647
 10
893.4542616305924
 20
-817.4682815750665
 10
895.2045566260466
 20
-815.5319720648531
 10
896.9499646432578
 20
-813.5645330803507
 10
898.6899485822121
 20
-811.5648579849037
 10
900.4239713428958
 20
-809.5318401418562
 10
902.1514958252952
 20
-807.4643729145523
 10
903.8719849293965
 20
-805.3613496663361
 10
905.5849015551858
 20
-803.2216637605519
 10
907.2897086026494
 20
-801.0442085605438
 10
908.9858689717735
 20
-798.8278774296559
 10
910.6728455625444
 20
-796.5715637312326
 10
912.3501012749482
 20
-794.2741608286177
 10
914.0170990089712
 20
-791.9345620851556
 10
915.6733016645995
 20
-789.5516608641904
 10
917.3181721418196
 20
-787.1243505290661
 10
918.9511733406174
 20
-784.6515244431271
 10
920.5717681609793
 20
-782.1320759697174
 10
922.1794195028915
 20
-779.5648984721813
 10
923.7735902663402
 20
-776.9488853138628
 10
925.3537433513117
 20
-774.2829298581062
 10
926.919341657792
 20
-771.5659254682555
 10
928.4698480857675
 20
-768.796765507655
 10
930.0047255352243
 20
-765.9743433396488
 10
931.5234369061488
 20
-763.0975523275811
 10
933.0254450985271
 20
-760.165285834796
 10
934.5102130123455
 20
-757.1764372246377
 10
935.9772035475902
 20
-754.1298998604502
 10
937.4258796042473
 20
-751.024567105578
 10
938.8557040823031
 20
-747.8593323233648
 10
940.2661398817437
 20
-744.6330888771552
 10
941.6566499025556
 20
-741.344730130293
 10
941.6630083138497
 20
-743.1979384253367
 10
941.6409248334894
 20
-745.0443709652649
 10
941.5907779545278
 20
-746.8840245083458
 10
941.5129461700179
 20
-748.716895812848
 10
941.4078079730128
 20
-750.54298163704
 10
941.2757418565658
 20
-752.3622787391903
 10
941.1171263137296
 20
-754.1747838775674
 10
940.9323398375576
 20
-755.9804938104397
 10
940.7217609211028
 20
-757.7794052960757
 10
940.4857680574182
 20
-759.5715150927439
 10
940.2247397395569
 20
-761.3568199587128
 10
939.939054460572
 20
-763.1353166522508
 10
939.6290907135166
 20
-764.9070019316266
 10
939.2952269914438
 20
-766.6718725551084
 10
938.9378417874066
 20
-768.4299252809649
 10
938.557313594458
 20
-770.1811568674643
 10
938.1540209056514
 20
-771.9255640728754
 10
937.7283422140396
 20
-773.6631436554666
 10
937.2806560126758
 20
-775.3938923735062
 10
936.8113407946129
 20
-777.1178069852629
 10
936.3207750529042
 20
-778.8348842490051
 10
935.8093372806027
 20
-780.5451209230013
 10
935.2774059707615
 20
-782.2485137655199
 10
934.7253596164337
 20
-783.9450595348294
 10
934.1535767106723
 20
-785.6347549891983
 10
933.5624357465304
 20
-787.3175968868952
 10
932.3235936153175
 20
-790.6627070453465
 10
931.0118611672195
 20
-793.9803640763312
 10
929.6302663466613
 20
-797.2705420459971
 10
928.1818370980674
 20
-800.5332150204921
 10
926.6696013658624
 20
-803.7683570659639
 10
925.096587094471
 20
-806.9759422485606
 10
923.4658222283178
 20
-810.1559446344298
 10
921.7803347118275
 20
-813.3083382897196
 10
920.0431524894246
 20
-816.4330972805776
 10
918.257303505534
 20
-819.5301956731518
 10
916.42581570458
 20
-822.59960753359
 10
914.5517170309876
 20
-825.64130692804
 10
912.6380354291811
 20
-828.6552679226497
 10
910.6877988435854
 20
-831.6414645835671
 10
908.7040352186249
 20
-834.5998709769398
 10
906.6897724987244
 20
-837.5304611689157
 10
904.6480386283085
 20
-840.4332092256428
 10
902.5818615518018
 20
-843.3080892132689
 10
900.4942692136291
 20
-846.1550751979416
 10
898.3882895582148
 20
-848.9741412458092
 10
896.2669505299837
 20
-851.7652614230192
 10
894.1332800733604
 20
-854.5284097957195
 10
891.9903061327695
 20
-857.2635604300581
 10
889.8410566526356
 20
-859.9706873921826
 10
887.6885595773836
 20
-862.6497647482411
 10
885.5358428514378
 20
-865.3007665643813
 10
883.385934419223
 20
-867.9236669067511
 10
881.2418622251638
 20
-870.5184398414983
 10
879.1066542136849
 20
-873.085059434771
 10
876.9833383292109
 20
-875.6234997527166
 10
874.8749425161665
 20
-878.1337348614834
 10
872.7844947189761
 20
-880.6157388272188
 10
870.7150228820647
 20
-883.0694857160711
 10
868.6695549498565
 20
-885.4949495941878
 10
866.6511188667765
 20
-887.892104527717
 10
864.6627425772493
 20
-890.2609245828064
 10
862.7074540256995
 20
-892.6013838256039
 10
860.7882811565515
 20
-894.9134563222573
 10
858.9082519142304
 20
-897.1971161389145
 10
857.0703942431604
 20
-899.4523373417233
 10
855.2777360877664
 20
-901.6790939968316
 10
853.5333053924728
 20
-903.8773601703873
 10
851.8401301017045
 20
-906.047109928538
 10
850.2012381598861
 20
-908.188317337432
 10
848.619657511442
 20
-910.3009564632167
 10
847.0984161007972
 20
-912.3850013720402
 10
845.640541872376
 20
-914.4404261300501
 10
844.2490627706032
 20
-916.4672048033947
 10
842.9270067399035
 20
-918.4653114582214
 10
841.6774017247013
 20
-920.4347201606784
 10
841.0807145805446
 20
-921.4086546754393
 10
840.5032756694216
 20
-922.3754049769132
 10
839.893844030116
 20
-923.4277349736519
 10
839.2941017919405
 20
-924.5001595501332
 10
838.7040865634635
 20
-925.5923643280854
 10
838.123835953254
 20
-926.7040349292373
 10
837.5533875698802
 20
-927.8348569753175
 10
836.9927790219111
 20
-928.9845160880546
 10
836.4420479179151
 20
-930.1526978891773
 10
835.9012318664611
 20
-931.3390880004141
 10
835.3703684761175
 20
-932.5433720434937
 10
834.8494953554531
 20
-933.7652356401446
 10
833.8378703574363
 20
-936.2604439810752
 10
832.8666577409597
 20
-938.8221979970349
 10
831.9361583745725
 20
-941.4479826618525
 10
831.0466731268239
 20
-944.135282949357
 10
830.198502866263
 20
-946.8815838333776
 10
829.391948461439
 20
-949.6843702877429
 10
828.627310780901
 20
-952.5411272862823
 10
827.9048906931981
 20
-955.4493398028244
 10
827.2249890668796
 20
-958.4064928111984
 10
826.5879067704946
 20
-961.4100712852331
 10
825.9939446725921
 20
-964.4575601987576
 10
825.4434036417214
 20
-967.5464445256008
 10
824.9365845464315
 20
-970.6742092395916
 10
824.4737882552716
 20
-973.8383393145592
 10
824.0553156367911
 20
-977.0363197243324
 10
823.6814675595388
 20
-980.2656354427402
 10
823.352544892064
 20
-983.5237714436115
 10
823.0688485029158
 20
-986.8082127007754
 10
822.8306792606434
 20
-990.1164441880608
 10
822.6383380337959
 20
-993.4459508792967
 10
822.4921256909224
 20
-996.7942177483119
 10
822.3923431005721
 20
-1000.1587297689357
 10
822.3392911312943
 20
-1003.5369719149968
 10
822.3332706516379
 20
-1006.9264291603242
 10
822.3745825301522
 20
-1010.324586478747
 10
822.4635276353863
 20
-1013.7289288440941
 10
822.6004068358893
 20
-1017.1369412301943
 10
822.7855210002105
 20
-1020.5461086108769
 10
823.0191709968988
 20
-1023.9539159599707
 10
823.3016576945034
 20
-1027.3578482513046
 10
823.6332819615737
 20
-1030.7553904587076
 10
824.0143446666586
 20
-1034.1440275560087
 10
824.4451466783074
 20
-1037.521244517037
 10
824.9259888650691
 20
-1040.8845263156213
 10
825.457172095493
 20
-1044.2313579255906
 10
826.038997238128
 20
-1047.5592243207739
 10
826.6717651615236
 20
-1050.865610475
 10
827.3557767342286
 20
-1054.1480013620983
 10
828.0913328247924
 20
-1057.4038819558973
 10
828.878734301764
 20
-1060.6307372302263
 10
829.7182820336925
 20
-1063.8260521589139
 10
830.6102768891272
 20
-1066.9873117157895
 10
831.5550197366173
 20
-1070.1120008746818
 10
832.5528114447118
 20
-1073.1976046094198
 10
833.6039528819598
 20
-1076.2416078938325
 10
834.7087449169105
 20
-1079.241495701749
 10
835.8674884181131
 20
-1082.1947530069979
 10
837.0804842541168
 20
-1085.0988647834088
 10
838.3480332934706
 20
-1087.95131600481
 10
839.6704364047237
 20
-1090.7495916450307
 10
840.3523022587341
 20
-1092.12762767652
 10
841.0479944564253
 20
-1093.4911766779
 10
841.7575506063658
 20
-1094.8399242708995
 10
842.4810083171245
 20
-1096.173556077247
 10
843.2184051972698
 20
-1097.491757718671
 10
843.9697788553705
 20
-1098.7942148169002
 10
844.735166899995
 20
-1100.0806129936634
 10
845.5146069397123
 20
-1101.3506378706888
 10
846.3081365830907
 20
-1102.6039750697057
 10
847.1157934386991
 20
-1103.840310212442
 10
847.937615115106
 20
-1105.0593289206267
 10
848.7736392208802
 20
-1106.2607168159884
 10
849.6239033645901
 20
-1107.4441595202559
 10
850.4884451548046
 20
-1108.6093426551574
 10
851.3673022000921
 20
-1109.7559518424216
 10
852.2605121090214
 20
-1110.8836727037774
 10
853.1681124901612
 20
-1111.9921908609533
 10
854.09014095208
 20
-1113.081191935678
 10
853.6846795786134
 20
-1111.0745287090476
 10
853.319851203614
 20
-1109.08082986
 10
852.9952063283419
 20
-1107.0999776960298
 10
852.7102954540566
 20
-1105.1318545246324
 10
852.4646690820184
 20
-1103.176342653303
 10
852.257877713487
 20
-1101.2333243895366
 10
852.0894718497224
 20
-1099.3026820408284
 10
851.9590019919843
 20
-1097.3842979146737
 10
851.866018641533
 20
-1095.4780543185675
 10
851.8100722996281
 20
-1093.5838335600051
 10
851.7907134675296
 20
-1091.7015179464815
 10
851.8074926464973
 20
-1089.8309897854922
 10
851.8599603377913
 20
-1087.972131384532
 10
851.9476670426714
 20
-1086.1248250510964
 10
852.0701632623975
 20
-1084.2889530926802
 10
852.2269994982295
 20
-1082.4643978167787
 10
852.4177262514273
 20
-1080.6510415308871
 10
852.6418940232509
 20
-1078.8487665425007
 10
852.89905331496
 20
-1077.0574551591144
 10
853.1887546278148
 20
-1075.2769896882237
 10
853.510548463075
 20
-1073.5072524373234
 10
853.8639853220005
 20
-1071.7481257139088
 10
854.2486157058514
 20
-1069.9994918254754
 10
854.6639901158874
 20
-1068.2612330795178
 10
855.1096590533684
 20
-1066.5332317835314
 10
855.5851730195545
 20
-1064.8153702450115
 10
856.0900825157055
 20
-1063.1075307714532
 10
856.6239380430812
 20
-1061.4095956703516
 10
857.1862901029416
 20
-1059.7214472492017
 10
857.7766891965467
 20
-1058.0429678154992
 10
858.3946858251563
 20
-1056.3740396767387
 10
859.0398304900302
 20
-1054.7145451404156
 10
859.7116736924286
 20
-1053.064366514025
 10
860.4097659336112
 20
-1051.4233861050623
 10
861.1336577148379
 20
-1049.7914862210223
 10
861.8828995373686
 20
-1048.1685491694004
 10
862.6570419024633
 20
-1046.5544572576919
 10
863.4556353113819
 20
-1044.9490927933916
 10
864.2782302653842
 20
-1043.352338083995
 10
865.1243772657302
 20
-1041.764075436997
 10
865.9936268136798
 20
-1040.1841871598929
 10
866.885529410493
 20
-1038.6125555601777
 10
867.7996355574294
 20
-1037.049062945347
 10
868.7354957557492
 20
-1035.4935916228953
 10
869.6926605067122
 20
-1033.9460239003186
 10
870.6706803115783
 20
-1032.4062420851112
 10
871.6691056716074
 20
-1030.874128484769
 10
872.6874870880595
 20
-1029.3495654067865
 10
873.7253750621944
 20
-1027.8324351586596
 10
874.782320095272
 20
-1026.3226200478828
 10
876.9515833432952
 20
-1023.324464468361
 10
879.191680842208
 20
-1020.3541571281828
 10
881.4990166020901
 20
-1017.4107564873093
 10
883.8699946330205
 20
-1014.493321005702
 10
886.3010189450785
 20
-1011.600909143322
 10
888.7884935483434
 20
-1008.7325793601309
 10
891.3288224528943
 20
-1005.8873901160899
 10
893.9184096688106
 20
-1003.0643998711603
 10
896.5536592061715
 20
-1000.2626670853033
 10
899.2309750750562
 20
-997.4812502184805
 10
901.9467612855441
 20
-994.719207730653
 10
904.6974218477143
 20
-991.9755980817823
 10
907.4793607716462
 20
-989.2494797318295
 10
910.2889820674188
 20
-986.5399111407562
 10
913.1226897451116
 20
-983.8459507685235
 10
915.9768878148038
 20
-981.1666570750929
 10
918.8479802865746
 20
-978.5010885204256
 10
924.6264644766692
 20
-973.2073606672261
 10
930.4293743960292
 20
-967.957234888616
 10
936.2279421252887
 20
-962.7431788642856
 10
941.9933997450819
 20
-957.5576602739256
 10
947.6969793360425
 20
-952.3931467972267
 10
950.5165748959088
 20
-949.8164131264034
 10
953.3099129788048
 20
-947.2421061138793
 10
956.0733975948096
 20
-944.6692842196159
 10
958.8034327540026
 20
-942.0970059035742
 10
961.4964224664631
 20
-939.5243296257157
 10
964.1487707422701
 20
-936.9503138460018
 10
966.7568815915032
 20
-934.3740170243938
 10
969.3171590242413
 20
-931.7944976208528
 10
971.8260070505638
 20
-929.2108140953404
 10
974.27982968055
 20
-926.6220249078178
 10
976.6750309242792
 20
-924.0271885182464
 10
979.0080147918305
 20
-921.4253633865874
 10
981.6139270189868
 20
-918.4431939771838
 10
984.1590983743068
 20
-915.4683480936604
 10
986.6438647193276
 20
-912.5007656538248
 10
989.0685619155861
 20
-909.5403865754845
 10
991.4335258246196
 20
-906.5871507764468
 10
993.7390923079649
 20
-903.6409981745192
 10
995.9855972271594
 20
-900.7018686875091
 10
998.17337644374
 20
-897.7697022332239
 10
1000.3027658192437
 20
-894.8444387294712
 10
1002.3741012152079
 20
-891.9260180940583
 10
1004.3877184931694
 20
-889.0143802447928
 10
1006.3439535146654
 20
-886.109465099482
 10
1008.2431421412329
 20
-883.2112125759334
 10
1010.085620234409
 20
-880.3195625919544
 10
1011.8717236557308
 20
-877.4344550653526
 10
1013.6017882667354
 20
-874.5558299139352
 10
1015.2761499289599
 20
-871.6836270555099
 10
1016.8951445039414
 20
-868.8177864078839
 10
1018.4591078532168
 20
-865.9582478888648
 10
1019.9683758383234
 20
-863.10495141626
 10
1021.4232843207982
 20
-860.2578369078769
 10
1022.8241691621782
 20
-857.416844281523
 10
1024.1713662240004
 20
-854.5819134550057
 10
1025.4652113678026
 20
-851.7529843461326
 10
1026.7060404551207
 20
-848.929996872711
 10
1027.8941893474926
 20
-846.1128909525482
 10
1029.0299939064553
 20
-843.301606503452
 10
1030.1137899935457
 20
-840.4960834432296
 10
1031.145913470301
 20
-837.6962616896885
 10
1032.1267001982578
 20
-834.9020811606362
 10
1033.056486038954
 20
-832.11348177388
 10
1033.9356068539264
 20
-829.3304034472275
 10
1034.7643985047116
 20
-826.552786098486
 10
1035.5431968528474
 20
-823.7805696454631
 10
1036.2723377598704
 20
-821.013694005966
 10
1036.9521570873176
 20
-818.2520990978024
 10
1037.5829906967265
 20
-815.4957248387798
 10
1038.165174449634
 20
-812.7445111467053
 10
1038.6990442075771
 20
-809.9983979393867
 10
1039.1849358320928
 20
-807.2573251346312
 10
1039.6231851847183
 20
-804.5212326502462
 10
1040.0141281269907
 20
-801.7900604040394
 10
1040.3581005204474
 20
-799.0637483138181
 10
1040.655438226625
 20
-796.3422362973898
 10
1040.9064771070607
 20
-793.6254642725619
 10
1041.1115530232914
 20
-790.9133721571418
 10
1041.2710018368548
 20
-788.2058998689371
 10
1041.3851594092876
 20
-785.5029873257549
 10
1041.4543616021265
 20
-782.8045744454031
 10
1041.4789442769088
 20
-780.1106011456889
 10
1041.4592432951722
 20
-777.4210073444196
 10
1041.395594518453
 20
-774.735732959403
 10
1041.2883338082888
 20
-772.0547179084463
 10
1041.1377970262165
 20
-769.377902109357
 10
1040.9443200337728
 20
-766.7052254799426
 10
1040.7082386924953
 20
-764.0366279380104
 10
1040.4298888639214
 20
-761.3720494013679
 10
1040.1096064095868
 20
-758.7114297878227
 10
1039.7477271910302
 20
-756.054709015182
 10
1039.3445870697878
 20
-753.4018270012534
 10
1038.9005219073965
 20
-750.7527236638443
 10
1038.415867565394
 20
-748.1073389207622
 10
1037.8909599053172
 20
-745.4656126898144
 10
1037.3261347887028
 20
-742.8274848888086
 10
1036.7217280770883
 20
-740.192895435552
 10
1036.0780756320105
 20
-737.5617842478521
 10
1035.3955133150066
 20
-734.9340912435164
 10
1034.6743769876139
 20
-732.3097563403524
 10
1033.9150025113695
 20
-729.6887194561673
 10
1033.1177257478098
 20
-727.0709205087688
 10
1032.2828825584725
 20
-724.4562994159643
 10
1031.4108088048947
 20
-721.8447960955612
 10
1030.5018403486133
 20
-719.2363504653667
 10
1029.556313051165
 20
-716.6309024431887
 10
1028.5745627740876
 20
-714.0283919468344
 10
1027.5569253789176
 20
-711.4287588941112
 10
1026.503736727193
 20
-708.8319432028267
 10
1025.4153326804494
 20
-706.2378847907883
 10
1024.292049100225
 20
-703.6465235758033
 10
1023.1342218480567
 20
-701.0577994756792
 10
1021.9421867854813
 20
-698.4716524082235
 10
1020.7162797740363
 20
-695.8880222912437
 10
1019.4568366752582
 20
-693.3068490425471
 10
1018.1641933506845
 20
-690.7280725799413
 10
1016.8386856618523
 20
-688.1516328212338
 10
1015.4806494702983
 20
-685.5774696842317
 10
1014.0904206375602
 20
-683.0055230867426
 10
1012.6683350251744
 20
-680.4357329465743
 10
1011.2147284946785
 20
-677.8680391815336
 10
1009.7299369076094
 20
-675.3023817094285
 10
1008.214296125504
 20
-672.7387004480662
 10
1006.6681420098997
 20
-670.1769353152541
 10
1005.0918104223333
 20
-667.6170262287998
 10
1003.4856372243421
 20
-665.0589131065105
 10
1001.8499582774631
 20
-662.502535866194
 10
1000.1851094432334
 20
-659.9478344256574
 10
998.49142658319
 20
-657.3947487027085
 10
996.76924555887
 20
-654.8432186151545
 10
995.0189022318107
 20
-652.2931840808027
 10
993.2407324635487
 20
-649.7445850174608
 10
991.4350721156217
 20
-647.1973613429362
 10
989.6022570495662
 20
-644.6514529750364
 10
987.7426231269196
 20
-642.1067998315687
 10
985.856506209219
 20
-639.5633418303405
 10
983.9442421580014
 20
-637.0210188891594
 10
982.0061668348038
 20
-634.4797709258328
 10
980.0426161011635
 20
-631.9395378581683
 10
978.0539258186174
 20
-629.4002596039729
 10
976.0404318487026
 20
-626.8618760810544
 10
974.0024700529561
 20
-624.3243272072202
 10
971.9403762929153
 20
-621.7875529002778
 10
969.8544864301169
 20
-619.2514930780345
 10
967.7451363260983
 20
-616.7160876582977
 10
965.6126618423963
 20
-614.1812765588751
 10
963.4573988405482
 20
-611.6469996975738
 10
961.2796831820909
 20
-609.1131969922017
 10
959.0798507285617
 20
-606.5798083605658
 10
956.8582373414976
 20
-604.0467737204738
 10
954.6151788824354
 20
-601.5140329897329
 10
952.3510112129126
 20
-598.9815260861508
 10
950.0660701944661
 20
-596.4491929275349
 10
947.760691688633
 20
-593.9169734316926
 10
943.089965660955
 20
-588.8526350995585
 10
938.3415200221758
 20
-583.7880304322081
 10
933.5180416645916
 20
-578.722678772101
 10
933.6785112778391
 20
-580.8321337465919
 10
933.7946609902714
 20
-582.9442528534707
 10
933.8670225437305
 20
-585.058916657526
 10
933.8961276800586
 20
-587.1760057235459
 10
933.8825081410979
 20
-589.2954006163192
 10
933.8266956686906
 20
-591.4169819006341
 10
933.7292220046786
 20
-593.5406301412793
 10
933.5906188909042
 20
-595.666225903043
 10
933.4114180692096
 20
-597.7936497507138
 10
933.1921512814368
 20
-599.9227822490802
 10
932.9333502694282
 20
-602.0535039629306
 10
932.6355467750255
 20
-604.1856954570534
 10
932.2992725400711
 20
-606.3192372962372
 10
931.9250593064072
 20
-608.4540100452704
 10
931.5134388158759
 20
-610.5898942689414
 10
931.0649428103193
 20
-612.7267705320387
 10
930.5801030315795
 20
-614.8645193993507
 10
930.0594512214986
 20
-617.003021435666
 10
929.503519121919
 20
-619.142157205773
 10
928.9128384746825
 20
-621.2818072744601
 10
928.2879410216315
 20
-623.4218522065158
 10
927.629358504608
 20
-625.5621725667286
 10
926.9376226654542
 20
-627.7026489198868
 10
926.2132652460123
 20
-629.8431618307791
 10
925.4568179881243
 20
-631.9835918641937
 10
924.6688126336325
 20
-634.1238195849193
 10
923.8497809243788
 20
-636.2637255577442
 10
923.0002546022055
 20
-638.403190347457
 10
922.1207654089548
 20
-640.5420945188459
 10
921.2118450864688
 20
-642.6803186366997
 10
920.2740253765895
 20
-644.8177432658066
 10
919.3078380211591
 20
-646.9542489709552
 10
918.31381476202
 20
-649.0897163169338
 10
917.292487341014
 20
-651.224025868531
 10
916.2443874999833
 20
-653.3570581905353
 10
915.1700469807702
 20
-655.488693847735
 10
914.0699975252168
 20
-657.6188134049187
 10
912.9447708751651
 20
-659.7472974268749
 10
911.7948987724574
 20
-661.8740264783918
 10
910.6209129589356
 20
-663.998881124258
 10
909.4233451764421
 20
-666.121741929262
 10
908.202727166819
 20
-668.2424894581924
 10
906.9595906719084
 20
-670.3610042758373
 10
905.6944674335524
 20
-672.4771669469854
 10
904.4078891935932
 20
-674.5908580364252
 10
903.1003876938729
 20
-676.7019581089451
 10
901.7724946762336
 20
-678.8103477293333
 10
900.4247418825175
 20
-680.9159074623788
 10
897.6717839342234
 20
-685.1180595255942
 10
894.8457677837279
 20
-689.3074588168992
 10
891.9509473657678
 20
-693.4831498546013
 10
888.9915766150805
 20
-697.6441771570082
 10
885.971909466403
 20
-701.7895852424276
 10
882.8961998544723
 20
-705.9184186291673
 10
879.7687017140258
 20
-710.0297218355347
 10
876.5936689798004
 20
-714.1225393798377
 10
873.3753555865333
 20
-718.1959157803838
 10
870.1180154689616
 20
-722.2488955554808
 10
866.8259025618225
 20
-726.2805232234364
 10
863.503270799853
 20
-730.289843302558
 10
860.1543741177903
 20
-734.2759003111537
 10
856.7834664503715
 20
-738.2377387675308
 10
853.3948017323337
 20
-742.1744031899971
 10
849.992633898414
 20
-746.0849380968604
 10
846.5812168833497
 20
-749.9683880064282
 10
843.1648046218777
 20
-753.8237974370082
 10
839.7476510487352
 20
-757.6502109069081
 10
836.3340100986594
 20
-761.4466729344357
 10
832.9281357063873
 20
-765.2122280378985
 10
829.534281806656
 20
-768.9459207356042
 10
826.1567023342028
 20
-772.6467955458605
 10
822.7996512237647
 20
-776.3138969869751
 10
819.4673824100788
 20
-779.9462695772556
 10
816.1641498278823
 20
-783.5429578350097
 10
812.8942074119121
 20
-787.1030062785452
 10
809.6618090969058
 20
-790.6254594261695
 10
806.4712088176001
 20
-794.1093617961906
 10
803.3266605087321
 20
-797.553757906916
 10
800.2324181050392
 20
-800.9576922766532
 10
797.1927355412583
 20
-804.3202094237101
 10
794.2118667521268
 20
-807.6403538663944
 10
791.2940656723814
 20
-810.9171701230138
 10
789.8601448781341
 20
-812.5390315935201
 10
788.4435862367596
 20
-814.1497027118758
 10
787.0449214901004
 20
-815.7490640428688
 10
785.6646823799983
 20
-817.336996151288
 10
784.3034006482958
 20
-818.9133796019216
 10
782.9616080368347
 20
-820.4780949595583
 10
781.6398362874575
 20
-822.0310227889863
 10
780.338617142006
 20
-823.5720436549943
 10
779.0584823423225
 20
-825.1010381223705
 10
777.7999636302492
 20
-826.6178867559036
 10
776.563592747628
 20
-828.122470120382
 10
775.3499014363014
 20
-829.614668780594
 10
774.0251369198004
 20
-831.2788270834471
 10
772.7365043492192
 20
-832.9512268101724
 10
771.483668631268
 20
-834.6316498653449
 10
770.2662946726568
 20
-836.3198781535399
 10
769.0840473800961
 20
-838.0156935793326
 10
767.9365916602957
 20
-839.7188780472983
 10
766.823592419966
 20
-841.4292134620121
 10
765.7447145658169
 20
-843.1464817280494
 10
764.6996230045589
 20
-844.8704647499852
 10
763.6879826429018
 20
-846.6009444323951
 10
762.7094583875561
 20
-848.3377026798539
 10
761.7637151452317
 20
-850.080521396937
 10
760.8504178226389
 20
-851.8291824882198
 10
759.9692313264877
 20
-853.5834678582772
 10
759.1198205634885
 20
-855.3431594116847
 10
758.3018504403512
 20
-857.1080390530174
 10
757.5149858637861
 20
-858.8778886868505
 10
756.7588917405035
 20
-860.6524902177594
 10
756.0332329772133
 20
-862.4316255503192
 10
755.3376744806257
 20
-864.215076589105
 10
754.6718811574509
 20
-866.0026252386922
 10
754.0355179143992
 20
-867.7940534036561
 10
753.4282496581806
 20
-869.5891429885717
 10
752.8497412955052
 20
-871.3876758980144
 10
752.2996577330833
 20
-873.1894340365593
 10
751.7776638776251
 20
-874.9941993087818
 10
751.2834246358404
 20
-876.8017536192569
 10
750.8166049144398
 20
-878.61187887256
 10
750.3768696201333
 20
-880.4243569732664
 10
749.963883659631
 20
-882.2389698259511
 10
749.5773119396432
 20
-884.0554993351894
 10
749.2168193668798
 20
-885.8737274055567
 10
748.8820708480512
 20
-887.693435941628
 10
748.5727312898674
 20
-889.5144068479785
 10
748.2884655990388
 20
-891.3364220291837
 10
748.0289386822752
 20
-893.1592633898186
 10
747.793815446287
 20
-894.9827128344585
 10
747.5827607977843
 20
-896.8065522676787
 10
747.3954396434773
 20
-898.6305635940544
 10
747.2315168900761
 20
-900.4545287181605
 10
747.0906574442909
 20
-902.2782295445728
 10
746.9725262128318
 20
-904.1014479778661
 10
746.876788102409
 20
-905.9239659226157
 10
746.8031080197327
 20
-907.745565283397
 10
746.7511508715129
 20
-909.566027964785
 10
746.72058156446
 20
-911.3851358713553
 10
746.7110650052839
 20
-913.2026709076825
 10
746.7222661006949
 20
-915.0184149783424
 10
746.7538497574033
 20
-916.83214998791
 10
746.805480882119
 20
-918.6436578409606
 10
746.9675451624132
 20
-922.2591196958115
 10
747.205778195259
 20
-925.8630557794968
 10
747.5174992343375
 20
-929.4537213286186
 10
747.90002753333
 20
-933.0293715797785
 10
748.3506823459179
 20
-936.5882617695784
 10
748.8667829257823
 20
-940.12864713462
 10
749.4456485266046
 20
-943.6487829115054
 10
750.0845984020659
 20
-947.146924336836
 10
750.7809518058476
 20
-950.621326647214
 10
751.532027991631
 20
-954.0702450792411
 10
752.3351462130972
 20
-957.491934869519
 10
753.1876257239277
 20
-960.8846512546496
 10
754.0867857778035
 20
-964.2466494712348
 10
755.0299456284059
 20
-967.5761847558763
 10
756.0144245294165
 20
-970.8715123451759
 10
757.0375417345161
 20
-974.1308874757356
 10
758.0966164973863
 20
-977.352565384157
 10
759.1889680717082
 20
-980.534801307042
 10
760.3119157111632
 20
-983.6758504809924
 10
761.4627786694325
 20
-986.7739681426101
 10
762.6388762001973
 20
-989.8274095284969
 10
763.8375275571389
 20
-992.8344298752545
 10
765.0560519939386
 20
-995.7932844194847
 10
766.2917687642775
 20
-998.7022283977897
 10
767.5419971218372
 20
-1001.5595170467709
 10
768.8040563202987
 20
-1004.3634056030302
 10
770.0752656133434
 20
-1007.1121493031694
 10
771.3529442546525
 20
-1009.8040033837906
 10
772.6344114979072
 20
-1012.4372230814952
 10
773.9169865967889
 20
-1015.0100636328852
 10
775.1979888049788
 20
-1017.5207802745626
 10
776.474737376158
 20
-1019.9676282431291
 10
777.7445515640081
 20
-1022.3488627751863
 10
779.0047506222102
 20
-1024.6627391073362
 10
780.2526538044456
 20
-1026.9075124761807
 10
781.4855803643953
 20
-1029.0814381183216
 10
782.700849555741
 20
-1031.1827712703605
 10
783.8957806321638
 20
-1033.2097671688994
 10
784.4847816440545
 20
-1034.1948434095443
 10
785.0676928473448
 20
-1035.16068105054
 10
784.8735640239182
 20
-1033.0239890473015
  0
HATCH
  5
33
330
17
100
AcDbEntity
  8
SYMBOL
 62
7
420
14239759
100
AcDbHatch
 10
0.0
 20
0.0
 30
0.0
210
0.0
220
0.0
230
1.0
  2
SOLID
 70
1
 71
0
 91
1
 92
3
 72
0
 73
1
 93
310
 10
1068.7947287211105
 20
-801.4353029231768
 10
1068.5725981163046
 20
-803.9137609489982
 10
1068.3312757607964
 20
-806.3711738468594
 10
1068.070946600565
 20
-808.8076944050675
 10
1067.7917955815906
 20
-811.2234754119296
 10
1067.4940076498524
 20
-813.6186696557525
 10
1067.1777677513296
 20
-815.9934299248432
 10
1066.8432608320018
 20
-818.3479090075089
 10
1066.4906718378488
 20
-820.6822596920564
 10
1066.1201857148499
 20
-822.9966347667927
 10
1065.7319874089844
 20
-825.2911870200248
 10
1065.326261866232
 20
-827.5660692400598
 10
1064.9031940325722
 20
-829.8214342152046
 10
1064.4629688539844
 20
-832.0574347337663
 10
1064.0057712764483
 20
-834.2742235840517
 10
1063.5317862459433
 20
-836.471953554368
 10
1063.041198708449
 20
-838.6507774330221
 10
1062.5341936099444
 20
-840.810848008321
 10
1062.0109558964095
 20
-842.9523180685717
 10
1061.4716705138235
 20
-845.0753404020812
 10
1060.9165224081662
 20
-847.1800677971565
 10
1060.3456965254168
 20
-849.2666530421046
 10
1059.7593778115552
 20
-851.3352489252325
 10
1059.1577512125605
 20
-853.386008234847
 10
1058.5410016744122
 20
-855.4190837592555
 10
1057.9093141430903
 20
-857.4346282867647
 10
1057.2628735645735
 20
-859.4327946056817
 10
1056.6018648848417
 20
-861.4137355043133
 10
1055.9264730498749
 20
-863.3776037709667
 10
1055.2368830056516
 20
-865.324552193949
 10
1054.533279698152
 20
-867.2547335615669
 10
1053.8158480733555
 20
-869.1683006621275
 10
1053.0847730772412
 20
-871.065406283938
 10
1052.340239655789
 20
-872.9462032153051
 10
1051.5824327549785
 20
-874.8108442445359
 10
1050.8115373207888
 20
-876.6594821599375
 10
1050.0277382991994
 20
-878.4922697498168
 10
1049.2312206361903
 20
-880.3093598024808
 10
1047.6007691698296
 20
-883.8970584493909
 10
1045.921662489543
 20
-887.4238004071237
 10
1044.1953801631662
 20
-890.8908079821354
 10
1042.423401758535
 20
-894.2993034808817
 10
1040.6072068434855
 20
-897.6505092098186
 10
1038.7482749858536
 20
-900.9456474754021
 10
1036.8480857534755
 20
-904.1859405840883
 10
1034.9081187141874
 20
-907.3726108423328
 10
1032.9298534358245
 20
-910.506880556592
 10
1030.9147694862231
 20
-913.5899720333216
 10
1028.8643464332195
 20
-916.6231075789776
 10
1026.7800638446492
 20
-919.6075095000159
 10
1024.6634012883483
 20
-922.5444001028926
 10
1022.5158383321531
 20
-925.4350016940637
 10
1020.3388545438992
 20
-928.280536579985
 10
1018.1339294914227
 20
-931.0822270671124
 10
1015.9025427425594
 20
-933.8412954619021
 10
1013.6461738651454
 20
-936.5589640708098
 10
1011.3663024270169
 20
-939.2364552002916
 10
1009.0644079960094
 20
-941.8749911568036
 10
1006.7419701399592
 20
-944.4757942468016
 10
1004.4004684267022
 20
-947.0400867767414
 10
1002.0413824240743
 20
-949.5690910530793
 10
999.6661916999116
 20
-952.0640293822711
 10
997.2763758220498
 20
-954.5261240707727
 10
994.8734143583251
 20
-956.9565974250402
 10
992.4587868765734
 20
-959.3566717515293
 10
990.0339729446307
 20
-961.7275693566962
 10
987.600452130333
 20
-964.0705125469968
 10
985.159704001516
 20
-966.3867236288872
 10
982.7132081260161
 20
-968.6774249088231
 10
980.2624440716689
 20
-970.9438386932607
 10
977.8088914063105
 20
-973.1871872886557
 10
975.3540296977769
 20
-975.4086930014641
 10
972.8993385139041
 20
-977.6095781381422
 10
967.9963859914844
 20
-981.9543759089304
 10
963.1118703817393
 20
-986.2313590526679
 10
958.2576282273566
 20
-990.4503060210026
 10
953.4454960710237
 20
-994.6209952655819
 10
948.6873104554287
 20
-998.7532052380536
 10
943.9949079232591
 20
-1002.8567143900655
 10
941.6770742330488
 20
-1004.9007619245389
 10
939.3801250172028
 20
-1006.9413011732652
 10
937.1055398435569
 20
-1008.9795544427003
 10
934.8547982799473
 20
-1011.0167440393002
 10
932.6293798942099
 20
-1013.054092269521
 10
930.4307642541806
 20
-1015.0928214398184
 10
928.2604309276954
 20
-1017.1341538566487
 10
926.1198594825903
 20
-1019.1793118264675
 10
924.0105294867012
 20
-1021.229517655731
 10
921.9339205078642
 20
-1023.2859936508951
 10
919.891512113915
 20
-1025.3499621184158
 10
917.8847838726898
 20
-1027.4226453647489
 10
915.9152153520246
 20
-1029.5052656963503
 10
913.9842861197552
 20
-1031.5990454196765
 10
912.0934757437177
 20
-1033.7052068411829
 10
910.2442637917479
 20
-1035.8249722673256
 10
908.438129831682
 20
-1037.9595640045607
 10
906.6765534313557
 20
-1040.1102043593442
 10
904.9610141586052
 20
-1042.2781156381316
 10
903.2929915812663
 20
-1044.4645201473793
 10
901.673965267175
 20
-1046.6706401935432
 10
900.1054147841675
 20
-1048.8976980830794
 10
898.5888197000794
 20
-1051.1469161224434
 10
897.1256595827468
 20
-1053.4195166180916
 10
895.7174140000058
 20
-1055.7167218764796
 10
894.3655625196923
 20
-1058.0397542040637
 10
893.0715847096423
 20
-1060.3898359072996
 10
891.8369601376916
 20
-1062.7681892926435
 10
890.6631683716761
 20
-1065.1760366665512
 10
889.5516889794322
 20
-1067.6146003354786
 10
888.5040015287955
 20
-1070.085102605882
 10
887.5215855876021
 20
-1072.5887657842168
 10
886.6059207236879
 20
-1075.1268121769394
 10
885.758486504889
 20
-1077.7004640905056
 10
884.9807624990411
 20
-1080.3109438313716
 10
884.6185041909226
 20
-1081.6303761078093
 10
884.2742282739805
 20
-1082.9594737059929
 10
883.948119694194
 20
-1084.2983894142294
 10
883.640363397543
 20
-1085.6472760208258
 10
883.3511443300066
 20
-1087.0062863140893
 10
883.0806474375644
 20
-1088.3755730823264
 10
882.829057666196
 20
-1089.7552891138444
 10
882.596559961881
 20
-1091.1455871969501
 10
882.3833392705986
 20
-1092.5466201199508
 10
882.1895805383285
 20
-1093.9585406711533
 10
882.0154687110502
 20
-1095.3815016388646
 10
881.8611887347431
 20
-1096.815655811392
 10
881.7269255553866
 20
-1098.2611559770419
 10
881.6128641189606
 20
-1099.7181549241218
 10
881.5191893714441
 20
-1101.1868054409385
 10
881.446086258817
 20
-1102.667260315799
 10
881.3937397270585
 20
-1104.1596723370103
 10
881.3623347221481
 20
-1105.6641942928793
 10
881.3520561900656
 20
-1107.1809789717133
 10
881.3630890767903
 20
-1108.710179161819
 10
881.3956183283016
 20
-1110.2519476515035
 10
881.4498288905792
 20
-1111.8064372290737
 10
881.5259057096024
 20
-1113.3738006828366
 10
881.6240337313508
 20
-1114.9541908010997
 10
881.744397901804
 20
-1116.5477603721693
 10
881.8871831669412
 20
-1118.1546621843527
 10
882.0525744727422
 20
-1119.7750490259568
 10
882.2407567651863
 20
-1121.4090736852886
 10
882.4519149902532
 20
-1123.0568889506553
 10
882.686234093922
 20
-1124.7186476103636
 10
882.9438990221728
 20
-1126.3945024527206
 10
883.2250947209845
 20
-1128.0846062660335
 10
883.530006136337
 20
-1129.7891118386092
 10
883.8588182142096
 20
-1131.5081719587545
 10
884.2117159005818
 20
-1133.2419394147764
 10
884.5888841414331
 20
-1134.9905669949821
 10
884.9905078827431
 20
-1136.7542074876787
 10
885.4167720704913
 20
-1138.5330136811729
 10
885.8678616506571
 20
-1140.3271383637716
 10
886.3439615692199
 20
-1142.136734323782
 10
886.8452567721595
 20
-1143.9619543495114
 10
887.3719322054551
 20
-1145.8029512292665
 10
887.9241728150863
 20
-1147.659877751354
 10
888.5021635470326
 20
-1149.5328867040812
 10
889.1060893472735
 20
-1151.422130875755
 10
889.7361351617886
 20
-1153.3277630546827
 10
890.3924859365573
 20
-1155.249936029171
 10
891.075326617559
 20
-1157.1888025875269
 10
891.7848421507732
 20
-1159.1445155180577
 10
892.5212174821796
 20
-1161.11722760907
 10
893.2846375577575
 20
-1163.1070916488707
 10
894.0752873234866
 20
-1165.1142604257673
 10
894.8933517253462
 20
-1167.1388867280664
 10
895.7390157093158
 20
-1169.181123344075
 10
897.0985508191187
 20
-1166.1355831761105
 10
898.5162100869322
 20
-1163.1314757455793
 10
899.9905317971466
 20
-1160.1677584854122
 10
901.5200542341516
 20
-1157.243388828539
 10
903.1033156823374
 20
-1154.3573242078908
 10
904.7388544260941
 20
-1151.5085220563974
 10
906.4252087498116
 20
-1148.6959398069894
 10
908.16091693788
 20
-1145.918534892597
 10
909.9445172746892
 20
-1143.175264746151
 10
911.7745480446295
 20
-1140.4650868005813
 10
913.6495475320907
 20
-1137.7869584888183
 10
915.5680540214629
 20
-1135.1398372437925
 10
917.528605797136
 20
-1132.5226804984343
 10
919.5297411435004
 20
-1129.934445685674
 10
921.5699983449457
 20
-1127.374090238442
 10
923.6479156858622
 20
-1124.8405715896686
 10
925.7620314506399
 20
-1122.3328471722843
 10
927.9108839236687
 20
-1119.8498744192193
 10
930.0930113893388
 20
-1117.390610763404
 10
932.30695213204
 20
-1114.954013637769
 10
934.5512444361626
 20
-1112.5390404752445
 10
936.8244265860965
 20
-1110.1446487087608
 10
939.1250368662318
 20
-1107.7697957712483
 10
941.4516135609583
 20
-1105.4134390956374
 10
943.8026949546663
 20
-1103.0745361148583
 10
946.1768193317457
 20
-1100.7520442618418
 10
948.5725249765866
 20
-1098.4449209695179
 10
950.9883501735789
 20
-1096.1521236708168
 10
953.4228332071128
 20
-1093.8726097986694
 10
955.8745123615782
 20
-1091.6053367860056
 10
960.8236121708638
 20
-1087.103343070851
 10
965.823955876556
 20
-1082.6378019887961
 10
970.8638497537751
 20
-1078.2003730032834
 10
981.0155131232747
 20
-1069.3764891756575
 10
991.1850524803243
 20
-1060.5649672955167
 10
996.2472913419812
 20
-1056.1429907443605
 10
1001.2789180258862
 20
-1051.6990830704044
 10
1006.26823880716
 20
-1047.2249037370914
 10
1011.2035599609223
 20
-1042.7121122078643
 10
1013.647316388462
 20
-1040.438630452109
 10
1016.0731877622937
 20
-1038.1523679461661
 10
1018.479712366808
 20
-1035.8522821229662
 10
1020.8654284863945
 20
-1033.5373304154398
 10
1023.2288744054434
 20
-1031.206470256517
 10
1025.5685884083446
 20
-1028.858659079128
 10
1027.8831087794883
 20
-1026.4928543162036
 10
1030.1709738032646
 20
-1024.108013400674
 10
1032.4307217640635
 20
-1021.7030937654697
 10
1034.6608909462748
 20
-1019.2770528435208
 10
1036.8600196342886
 20
-1016.8288480677577
 10
1039.0266461124952
 20
-1014.357436871111
 10
1041.7227040835314
 20
-1011.2096951046339
 10
1044.3594645709218
 20
-1008.0627876389331
 10
1046.9363747437674
 20
-1004.9163388915586
 10
1049.452881771168
 20
-1001.7699732800604
 10
1051.9084328222239
 20
-998.6233152219883
 10
1054.302475066036
 20
-995.4759891348922
 10
1056.634455671705
 20
-992.327619436322
 10
1058.9038218083306
 20
-989.1778305438278
 10
1061.1100206450137
 20
-986.0262468749593
 10
1063.2524993508541
 20
-982.8724928472664
 10
1065.330705094953
 20
-979.7161928782991
 10
1067.3440850464103
 20
-976.5569713856072
 10
1069.292086374327
 20
-973.3944527867408
 10
1071.1741562478028
 20
-970.2282614992496
 10
1072.9897418359383
 20
-967.0580219406835
 10
1074.7382903078342
 20
-963.8833585285926
 10
1076.4192488325912
 20
-960.7038956805267
 10
1078.032064579309
 20
-957.5192578140357
 10
1079.5761847170884
 20
-954.3290693466695
 10
1081.0510564150295
 20
-951.1329546959779
 10
1082.4561268422335
 20
-947.930538279511
 10
1083.7908431678002
 20
-944.7214445148187
 10
1085.0546525608297
 20
-941.5052978194508
 10
1086.2470021904232
 20
-938.2817226109571
 10
1087.367339225681
 20
-935.0503433068878
 10
1088.4151108357032
 20
-931.8107843247926
 10
1089.38976418959
 20
-928.5626700822214
 10
1090.2907464564423
 20
-925.3056249967243
 10
1091.1175048053606
 20
-922.0392734858509
 10
1091.869486405445
 20
-918.7632399671514
 10
1092.546138425796
 20
-915.4771488581755
 10
1093.1469080355141
 20
-912.1806245764732
 10
1093.6712424036996
 20
-908.8732915395944
 10
1094.118588699453
 20
-905.554774165089
 10
1094.4883940918753
 20
-902.2246968705069
 10
1094.7801057500656
 20
-898.882684073398
 10
1094.9931708431254
 20
-895.5283601913122
 10
1095.070038168075
 20
-893.8464642238873
 10
1095.1270365401547
 20
-892.1613496417995
 10
1095.164096855502
 20
-890.4729694972423
 10
1095.181150010254
 20
-888.7812768424096
 10
1095.1781269005487
 20
-887.0862247294951
 10
1095.154958422524
 20
-885.3877662106926
 10
1095.1115754723164
 20
-883.6858543381957
 10
1095.0479089460646
 20
-881.9804421641983
 10
1094.9638897399054
 20
-880.271482740894
 10
1094.8594487499768
 20
-878.5589291204767
 10
1094.7345168724155
 20
-876.8427343551399
 10
1094.5890250033603
 20
-875.1228514970776
 10
1094.4229040389478
 20
-873.3992335984833
 10
1094.236084875316
 20
-871.6718337115509
 10
1094.0284984086024
 20
-869.9406048884741
 10
1093.8000755349444
 20
-868.2055001814466
 10
1093.5507471504798
 20
-866.4664726426622
 10
1093.2804441513458
 20
-864.7234753243147
 10
1092.9890974336804
 20
-862.9764612785975
 10
1092.6766378936209
 20
-861.2253835577048
 10
1092.3429964273046
 20
-859.47019521383
 10
1091.9881039308693
 20
-857.710849299167
 10
1091.6118913004525
 20
-855.9472988659095
 10
1091.2142894321923
 20
-854.1794969662512
 10
1090.7952292222253
 20
-852.407396652386
 10
1090.3546415666897
 20
-850.6309509765074
 10
1089.8924573617228
 20
-848.8501129908092
 10
1089.4086075034625
 20
-847.0648357474852
 10
1088.9030228880456
 20
-845.2750722987291
 10
1088.3756344116105
 20
-843.4807756967348
 10
1087.8263729702944
 20
-841.6818989936958
 10
1087.2551694602348
 20
-839.8783952418061
 10
1086.661954777569
 20
-838.0702174932591
 10
1086.0466598184353
 20
-836.2573188002488
 10
1085.4092154789705
 20
-834.4396522149688
 10
1084.7495526553125
 20
-832.6171707896128
 10
1084.0676022435987
 20
-830.7898275763748
 10
1083.3632951399672
 20
-828.9575756274483
 10
1082.6365622405547
 20
-827.1203679950271
 10
1081.8873344414992
 20
-825.278157731305
 10
1081.1155426389382
 20
-823.4308978884756
 10
1080.3211177290095
 20
-821.5785415187328
 10
1079.5039906078505
 20
-819.7210416742703
 10
1078.6640921715984
 20
-817.8583514072816
 10
1077.8013533163908
 20
-815.9904237699608
 10
1076.9157049383662
 20
-814.1172118145014
 10
1076.0070779336606
 20
-812.2386685930974
 10
1075.075403198413
 20
-810.354747157942
 10
1074.12061162876
 20
-808.4654005612296
 10
1073.1426341208398
 20
-806.5705818551535
 10
1072.1414015707892
 20
-804.6702440919075
 10
1071.1168448747467
 20
-802.7643403236856
 10
1070.0688949288492
 20
-800.8528236026812
 10
1068.9974826292341
 20
-798.9356469810882
 97
0
 75
0
 76
1
 98
0
  0
LWPOLYLINE
  5
34
330
17
100
AcDbEntity
  8
SYMBOL
100
AcDbPolyline
 90
311
 70
1
 10
1068.7947287211105
 20
-801.4353029231768
 10
1068.5725981163046
 20
-803.9137609489982
 10
1068.3312757607964
 20
-806.3711738468594
 10
1068.070946600565
 20
-808.8076944050675
 10
1067.7917955815906
 20
-811.2234754119296
 10
1067.4940076498524
 20
-813.6186696557525
 10
1067.1777677513296
 20
-815.9934299248432
 10
1066.8432608320018
 20
-818.3479090075089
 10
1066.4906718378488
 20
-820.6822596920564
 10
1066.1201857148499
 20
-822.9966347667927
 10
1065.7319874089844
 20
-825.2911870200248
 10
1065.326261866232
 20
-827.5660692400598
 10
1064.9031940325722
 20
-829.8214342152046
 10
1064.4629688539844
 20
-832.0574347337663
 10
1064.0057712764483
 20
-834.2742235840517
 10
1063.5317862459433
 20
-836.471953554368
 10
1063.041198708449
 20
-838.6507774330221
 10
1062.5341936099444
 20
-840.810848008321
 10
1062.0109558964095
 20
-842.9523180685717
 10
1061.4716705138235
 20
-845.0753404020812
 10
1060.9165224081662
 20
-847.1800677971565
 10
1060.3456965254168
 20
-849.2666530421046
 10
1059.7593778115552
 20
-851.3352489252325
 10
1059.1577512125605
 20
-853.386008234847
 10
1058.5410016744122
 20
-855.4190837592555
 10
1057.9093141430903
 20
-857.4346282867647
 10
1057.2628735645735
 20
-859.4327946056817
 10
1056.6018648848417
 20
-861.4137355043133
 10
1055.9264730498749
 20
-863.3776037709667
 10
1055.2368830056516
 20
-865.324552193949
 10
1054.533279698152
 20
-867.2547335615669
 10
1053.8158480733555
 20
-869.1683006621275
 10
1053.0847730772412
 20
-871.065406283938
 10
1052.340239655789
 20
-872.9462032153051
 10
1051.5824327549785
 20
-874.8108442445359
 10
1050.8115373207888
 20
-876.6594821599375
 10
1050.0277382991994
 20
-878.4922697498168
 10
1049.2312206361903
 20
-880.3093598024808
 10
1047.6007691698296
 20
-883.8970584493909
 10
1045.921662489543
 20
-887.4238004071237
 10
1044.1953801631662
 20
-890.8908079821354
 10
1042.423401758535
 20
-894.2993034808817
 10
1040.6072068434855
 20
-897.6505092098186
 10
1038.7482749858536
 20
-900.9456474754021
 10
1036.8480857534755
 20
-904.1859405840883
 10
1034.9081187141874
 20
-907.3726108423328
 10
1032.9298534358245
 20
-910.506880556592
 10
1030.9147694862231
 20
-913.5899720333216
 10
1028.8643464332195
 20
-916.6231075789776
 10
1026.7800638446492
 20
-919.6075095000159
 10
1024.6634012883483
 20
-922.5444001028926
 10
1022.5158383321531
 20
-925.4350016940637
 10
1020.3388545438992
 20
-928.280536579985
 10
1018.1339294914227
 20
-931.0822270671124
 10
1015.9025427425594
 20
-933.8412954619021
 10
1013.6461738651454
 20
-936.5589640708098
 10
1011.3663024270169
 20
-939.2364552002916
 10
1009.0644079960094
 20
-941.8749911568036
 10
1006.7419701399592
 20
-944.4757942468016
 10
1004.4004684267022
 20
-947.0400867767414
 10
1002.0413824240743
 20
-949.5690910530793
 10
999.6661916999116
 20
-952.0640293822711
 10
997.2763758220498
 20
-954.5261240707727
 10
994.8734143583251
 20
-956.9565974250402
 10
992.4587868765734
 20
-959.3566717515293
 10
990.0339729446307
 20
-961.7275693566962
 10
987.600452130333
 20
-964.0705125469968
 10
985.159704001516
 20
-966.3867236288872
 10
982.7132081260161
 20
-968.6774249088231
 10
980.2624440716689
 20
-970.9438386932607
 10
977.8088914063105
 20
-973.1871872886557
 10
975.3540296977769
 20
-975.4086930014641
 10
972.8993385139041
 20
-977.6095781381422
 10
967.9963859914844
 20
-981.9543759089304
 10
963.1118703817393
 20
-986.2313590526679
 10
958.2576282273566
 20
-990.4503060210026
 10
953.4454960710237
 20
-994.6209952655819
 10
948.6873104554287
 20
-998.7532052380536
 10
943.9949079232591
 20
-1002.8567143900655
 10
941.6770742330488
 20
-1004.9007619245389
 10
939.3801250172028
 20
-1006.9413011732652
 10
937.1055398435569
 20
-1008.9795544427003
 10
934.8547982799473
 20
-1011.0167440393002
 10
932.6293798942099
 20
-1013.054092269521
 10
930.4307642541806
 20
-1015.0928214398184
 10
928.2604309276954
 20
-1017.1341538566487
 10
926.1198594825903
 20
-1019.1793118264675
 10
924.0105294867012
 20
-1021.229517655731
 10
921.9339205078642
 20
-1023.2859936508951
 10
919.891512113915
 20
-1025.3499621184158
 10
917.8847838726898
 20
-1027.4226453647489
 10
915.9152153520246
 20
-1029.5052656963503
 10
913.9842861197552
 20
-1031.5990454196765
 10
912.0934757437177
 20
-1033.7052068411829
 10
910.2442637917479
 20
-1035.8249722673256
 10
908.438129831682
 20
-1037.9595640045607
 10
906.6765534313557
 20
-1040.1102043593442
 10
904.9610141586052
 20
-1042.2781156381316
 10
903.2929915812663
 20
-1044.4645201473793
 10
901.673965267175
 20
-1046.6706401935432
 10
900.1054147841675
 20
-1048.8976980830794
 10
898.5888197000794
 20
-1051.1469161224434
 10
897.1256595827468
 20
-1053.4195166180916
 10
895.7174140000058
 20
-1055.7167218764796
 10
894.3655625196923
 20
-1058.0397542040637
 10
893.0715847096423
 20
-1060.3898359072996
 10
891.8369601376916
 20
-1062.7681892926435
 10
890.6631683716761
 20
-1065.1760366665512
 10
889.5516889794322
 20
-1067.6146003354786
 10
888.5040015287955
 20
-1070.085102605882
 10
887.5215855876021
 20
-1072.5887657842168
 10
886.6059207236879
 20
-1075.1268121769394
 10
885.758486504889
 20
-1077.7004640905056
 10
884.9807624990411
 20
-1080.3109438313716
 10
884.6185041909226
 20
-1081.6303761078093
 10
884.2742282739805
 20
-1082.9594737059929
 10
883.948119694194
 20
-1084.2983894142294
 10
883.640363397543
 20
-1085.6472760208258
 10
883.3511443300066
 20
-1087.0062863140893
 10
883.0806474375644
 20
-1088.3755730823264
 10
882.829057666196
 20
-1089.7552891138444
 10
882.596559961881
 20
-1091.1455871969501
 10
882.3833392705986
 20
-1092.5466201199508
 10
882.1895805383285
 20
-1093.9585406711533
 10
882.0154687110502
 20
-1095.3815016388646
 10
881.8611887347431
 20
-1096.815655811392
 10
881.7269255553866
 20
-1098.2611559770419
 10
881.6128641189606
 20
-1099.7181549241218
 10
881.5191893714441
 20
-1101.1868054409385
 10
881.446086258817
 20
-1102.667260315799
 10
881.3937397270585
 20
-1104.1596723370103
 10
881.3623347221481
 20
-1105.6641942928793
 10
881.3520561900656
 20
-1107.1809789717133
 10
881.3630890767903
 20
-1108.710179161819
 10
881.3956183283016
 20
-1110.2519476515035
 10
881.4498288905792
 20
-1111.8064372290737
 10
881.5259057096024
 20
-1113.3738006828366
 10
881.6240337313508
 20
-1114.9541908010997
 10
881.744397901804
 20
-1116.5477603721693
 10
881.8871831669412
 20
-1118.1546621843527
 10
882.0525744727422
 20
-1119.7750490259568
 10
882.2407567651863
 20
-1121.4090736852886
 10
882.4519149902532
 20
-1123.0568889506553
 10
882.686234093922
 20
-1124.7186476103636
 10
882.9438990221728
 20
-1126.3945024527206
 10
883.2250947209845
 20
-1128.0846062660335
 10
883.530006136337
 20
-1129.7891118386092
 10
883.8588182142096
 20
-1131.5081719587545
 10
884.2117159005818
 20
-1133.2419394147764
 10
884.5888841414331
 20
-1134.9905669949821
 10
884.9905078827431
 20
-1136.7542074876787
 10
885.4167720704913
 20
-1138.5330136811729
 10
885.8678616506571
 20
-1140.3271383637716
 10
886.3439615692199
 20
-1142.136734323782
 10
886.8452567721595
 20
-1143.9619543495114
 10
887.3719322054551
 20
-1145.8029512292665
 10
887.9241728150863
 20
-1147.659877751354
 10
888.5021635470326
 20
-1149.5328867040812
 10
889.1060893472735
 20
-1151.422130875755
 10
889.7361351617886
 20
-1153.3277630546827
 10
890.3924859365573
 20
-1155.249936029171
 10
891.075326617559
 20
-1157.1888025875269
 10
891.7848421507732
 20
-1159.1445155180577
 10
892.5212174821796
 20
-1161.11722760907
 10
893.2846375577575
 20
-1163.1070916488707
 10
894.0752873234866
 20
-1165.1142604257673
 10
894.8933517253462
 20
-1167.1388867280664
 10
895.7390157093158
 20
-1169.181123344075
 10
897.0985508191187
 20
-1166.1355831761105
 10
898.5162100869322
 20
-1163.1314757455793
 10
899.9905317971466
 20
-1160.1677584854122
 10
901.5200542341516
 20
-1157.243388828539
 10
903.1033156823374
 20
-1154.3573242078908
 10
904.7388544260941
 20
-1151.5085220563974
 10
906.4252087498116
 20
-1148.6959398069894
 10
908.16091693788
 20
-1145.918534892597
 10
909.9445172746892
 20
-1143.175264746151
 10
911.7745480446295
 20
-1140.4650868005813
 10
913.6495475320907
 20
-1137.7869584888183
 10
915.5680540214629
 20
-1135.1398372437925
 10
917.528605797136
 20
-1132.5226804984343
 10
919.5297411435004
 20
-1129.934445685674
 10
921.5699983449457
 20
-1127.374090238442
 10
923.6479156858622
 20
-1124.8405715896686
 10
925.7620314506399
 20
-1122.3328471722843
 10
927.9108839236687
 20
-1119.8498744192193
 10
930.0930113893388
 20
-1117.390610763404
 10
932.30695213204
 20
-1114.954013637769
 10
934.5512444361626
 20
-1112.5390404752445
 10
936.8244265860965
 20
-1110.1446487087608
 10
939.1250368662318
 20
-1107.7697957712483
 10
941.4516135609583
 20
-1105.4134390956374
 10
943.8026949546663
 20
-1103.0745361148583
 10
946.1768193317457
 20
-1100.7520442618418
 10
948.5725249765866
 20
-1098.4449209695179
 10
950.9883501735789
 20
-1096.1521236708168
 10
953.4228332071128
 20
-1093.8726097986694
 10
955.8745123615782
 20
-1091.6053367860056
 10
960.8236121708638
 20
-1087.103343070851
 10
965.823955876556
 20
-1082.6378019887961
 10
970.8638497537751
 20
-1078.2003730032834
 10
981.0155131232747
 20
-1069.3764891756575
 10
991.1850524803243
 20
-1060.5649672955167
 10
996.2472913419812
 20
-1056.1429907443605
 10
1001.2789180258862
 20
-1051.6990830704044
 10
1006.26823880716
 20
-1047.2249037370914
 10
1011.2035599609223
 20
-1042.7121122078643
 10
1013.647316388462
 20
-1040.438630452109
 10
1016.0731877622937
 20
-1038.1523679461661
 10
1018.479712366808
 20
-1035.8522821229662
 10
1020.8654284863945
 20
-1033.5373304154398
 10
1023.2288744054434
 20
-1031.206470256517
 10
1025.5685884083446
 20
-1028.858659079128
 10
1027.8831087794883
 20
-1026.4928543162036
 10
1030.1709738032646
 20
-1024.108013400674
 10
1032.4307217640635
 20
-1021.7030937654697
 10
1034.6608909462748
 20
-1019.2770528435208
 10
1036.8600196342886
 20
-1016.8288480677577
 10
1039.0266461124952
 20
-1014.357436871111
 10
1041.7227040835314
 20
-1011.2096951046339
 10
1044.3594645709218
 20
-1008.0627876389331
 10
1046.9363747437674
 20
-1004.9163388915586
 10
1049.452881771168
 20
-1001.7699732800604
 10
1051.9084328222239
 20
-998.6233152219883
 10
1054.302475066036
 20
-995.4759891348922
 10
1056.634455671705
 20
-992.327619436322
 10
1058.9038218083306
 20
-989.1778305438278
 10
1061.1100206450137
 20
-986.0262468749593
 10
1063.2524993508541
 20
-982.8724928472664
 10
1065.330705094953
 20
-979.7161928782991
 10
1067.3440850464103
 20
-976.5569713856072
 10
1069.292086374327
 20
-973.3944527867408
 10
1071.1741562478028
 20
-970.2282614992496
 10
1072.9897418359383
 20
-967.0580219406835
 10
1074.7382903078342
 20
-963.8833585285926
 10
1076.4192488325912
 20
-960.7038956805267
 10
1078.032064579309
 20
-957.5192578140357
 10
1079.5761847170884
 20
-954.3290693466695
 10
1081.0510564150295
 20
-951.1329546959779
 10
1082.4561268422335
 20
-947.930538279511
 10
1083.7908431678002
 20
-944.7214445148187
 10
1085.0546525608297
 20
-941.5052978194508
 10
1086.2470021904232
 20
-938.2817226109571
 10
1087.367339225681
 20
-935.0503433068878
 10
1088.4151108357032
 20
-931.8107843247926
 10
1089.38976418959
 20
-928.5626700822214
 10
1090.2907464564423
 20
-925.3056249967243
 10
1091.1175048053606
 20
-922.0392734858509
 10
1091.869486405445
 20
-918.7632399671514
 10
1092.546138425796
 20
-915.4771488581755
 10
1093.1469080355141
 20
-912.1806245764732
 10
1093.6712424036996
 20
-908.8732915395944
 10
1094.118588699453
 20
-905.554774165089
 10
1094.4883940918753
 20
-902.2246968705069
 10
1094.7801057500656
 20
-898.882684073398
 10
1094.9931708431254
 20
-895.5283601913122
 10
1095.070038168075
 20
-893.8464642238873
 10
1095.1270365401547
 20
-892.1613496417995
 10
1095.164096855502
 20
-890.4729694972423
 10
1095.181150010254
 20
-888.7812768424096
 10
1095.1781269005487
 20
-887.0862247294951
 10
1095.154958422524
 20
-885.3877662106926
 10
1095.1115754723164
 20
-883.6858543381957
 10
1095.0479089460646
 20
-881.9804421641983
 10
1094.9638897399054
 20
-880.271482740894
 10
1094.8594487499768
 20
-878.5589291204767
 10
1094.7345168724155
 20
-876.8427343551399
 10
1094.5890250033603
 20
-875.1228514970776
 10
1094.4229040389478
 20
-873.3992335984833
 10
1094.236084875316
 20
-871.6718337115509
 10
1094.0284984086024
 20
-869.9406048884741
 10
1093.8000755349444
 20
-868.2055001814466
 10
1093.5507471504798
 20
-866.4664726426622
 10
1093.2804441513458
 20
-864.7234753243147
 10
1092.9890974336804
 20
-862.9764612785975
 10
1092.6766378936209
 20
-861.2253835577048
 10
1092.3429964273046
 20
-859.47019521383
 10
1091.9881039308693
 20
-857.710849299167
 10
1091.6118913004525
 20
-855.9472988659095
 10
1091.2142894321923
 20
-854.1794969662512
 10
1090.7952292222253
 20
-852.407396652386
 10
1090.3546415666897
 20
-850.6309509765074
 10
1089.8924573617228
 20
-848.8501129908092
 10
1089.4086075034625
 20
-847.0648357474852
 10
1088.9030228880456
 20
-845.2750722987291
 10
1088.3756344116105
 20
-843.4807756967348
 10
1087.8263729702944
 20
-841.6818989936958
 10
1087.2551694602348
 20
-839.8783952418061
 10
1086.661954777569
 20
-838.0702174932591
 10
1086.0466598184353
 20
-836.2573188002488
 10
1085.4092154789705
 20
-834.4396522149688
 10
1084.7495526553125
 20
-832.6171707896128
 10
1084.0676022435987
 20
-830.7898275763748
 10
1083.3632951399672
 20
-828.9575756274483
 10
1082.6365622405547
 20
-827.1203679950271
 10
1081.8873344414992
 20
-825.278157731305
 10
1081.1155426389382
 20
-823.4308978884756
 10
1080.3211177290095
 20
-821.5785415187328
 10
1079.5039906078505
 20
-819.7210416742703
 10
1078.6640921715984
 20
-817.8583514072816
 10
1077.8013533163908
 20
-815.9904237699608
 10
1076.9157049383662
 20
-814.1172118145014
 10
1076.0070779336606
 20
-812.2386685930974
 10
1075.075403198413
 20
-810.354747157942
 10
1074.12061162876
 20
-808.4654005612296
 10
1073.1426341208398
 20
-806.5705818551535
 10
1072.1414015707892
 20
-804.6702440919075
 10
1071.1168448747467
 20
-802.7643403236856
 10
1070.0688949288492
 20
-800.8528236026812
 10
1068.9974826292341
 20
-798.9356469810882
 10
1068.7947287211105
 20
-801.4353029231768
  0
HATCH
  5
35
330
17
100
AcDbEntity
  8
WORDMARK
 62
7
420
1446687
100
AcDbHatch
 10
0.0
 20
0.0
 30
0.0
210
0.0
220
0.0
230
1.0
  2
SOLID
 70
1
 71
0
 91
1
 92
3
 72
0
 73
1
 93
4
 10
711.8530273437499
 20
-1243.3974609375002
 10
711.8530273437499
 20
-1376.9619140625002
 10
732.2587890624999
 20
-1376.9619140625002
 10
732.2587890624999
 20
-1243.3974609375002
 97
0
 75
0
 76
1
 98
0
  0
LWPOLYLINE
  5
36
330
17
100
AcDbEntity
  8
WORDMARK
100
AcDbPolyline
 90
5
 70
1
 10
711.8530273437499
 20
-1243.3974609375002
 10
711.8530273437499
 20
-1376.9619140625002
 10
732.2587890624999
 20
-1376.9619140625002
 10
732.2587890624999
 20
-1243.3974609375002
 10
711.8530273437499
 20
-1243.3974609375002
  0
HATCH
  5
37
330
17
100
AcDbEntity
  8
WORDMARK
 62
7
420
1446687
100
AcDbHatch
 10
0.0
 20
0.0
 30
0.0
210
0.0
220
0.0
230
1.0
  2
SOLID
 70
1
 71
0
 91
2
 92
3
 72
0
 73
1
 93
103
 10
560.3386217355728
 20
-1327.812163114548
 10
561.8005599975586
 20
-1327.6751861572268
 10
563.2429374456406
 20
-1327.4990761280062
 10
564.665753364563
 20
-1327.2838344573977
 10
566.0690070390701
 20
-1327.0294625759127
 10
567.4526977539062
 20
-1326.7359619140627
 10
568.8168247938156
 20
-1326.4033339023592
 10
570.1613874435425
 20
-1326.0315799713137
 10
571.4863849878311
 20
-1325.6207015514376
 10
572.7918167114258
 20
-1325.1707000732424
 10
574.0776818990707
 20
-1324.6815769672396
 10
575.3439798355103
 20
-1324.1533336639407
 10
576.5907098054886
 20
-1323.585971593857
 10
577.81787109375
 20
-1322.9794921875002
 10
579.0192847251892
 20
-1322.3375234603884
 10
580.188777923584
 20
-1321.6636886596682
 10
581.3263592720032
 20
-1320.9579820632937
 10
582.4320373535156
 20
-1320.220397949219
 10
583.5058207511902
 20
-1319.4509305953982
 10
584.5477180480957
 20
-1318.6495742797854
 10
585.557737827301
 20
-1317.8163232803347
 10
586.535888671875
 20
-1316.9511718750002
 10
587.4821791648865
 20
-1316.054114341736
 10
588.3966178894043
 20
-1315.1251449584963
 10
589.2792134284973
 20
-1314.164258003235
 10
590.1299743652344
 20
-1313.1714477539065
 10
590.9489092826843
 20
-1312.1467084884646
 10
591.736026763916
 20
-1311.0900344848635
 10
592.4913353919983
 20
-1310.0014200210574
 10
593.21484375
 20
-1308.8808593750002
 10
593.8998290300369
 20
-1307.7326867580416
 10
594.5406579971313
 20
-1306.5597820281985
 10
595.1373256444931
 20
-1305.3621551990511
 10
595.689826965332
 20
-1304.13981628418
 10
596.198156952858
 20
-1302.8927752971651
 10
596.6623106002808
 20
-1301.6210422515871
 10
597.0822829008102
 20
-1300.3246271610262
 10
597.4580688476562
 20
-1299.0035400390627
 10
597.7896634340286
 20
-1297.657790899277
 10
598.0770616531372
 20
-1296.2873897552493
 10
598.3202584981918
 20
-1294.89234662056
 10
598.5192489624023
 20
-1293.4726715087893
 10
598.6740280389786
 20
-1292.0283744335177
 10
598.7845907211304
 20
-1290.5594654083254
 10
598.8509320020676
 20
-1289.0659544467928
 10
598.873046875
 20
-1287.5478515625002
 10
598.8509320020676
 20
-1286.0297808647158
 10
598.7845907211304
 20
-1284.536357879639
 10
598.6740280389786
 20
-1283.0675797462466
 10
598.5192489624023
 20
-1281.6234436035159
 10
598.3202584981918
 20
-1280.2039465904238
 10
598.0770616531372
 20
-1278.8090858459475
 10
597.7896634340286
 20
-1277.438858509064
 10
597.4580688476562
 20
-1276.0932617187502
 10
597.0822829008102
 20
-1274.7722926139834
 10
596.6623106002808
 20
-1273.4759483337405
 10
596.198156952858
 20
-1272.2042260169985
 10
595.689826965332
 20
-1270.9571228027346
 10
595.1373256444931
 20
-1269.7346358299258
 10
594.5406579971313
 20
-1268.536762237549
 10
593.8998290300369
 20
-1267.3634991645815
 10
593.21484375
 20
-1266.2148437500002
 10
592.4913353919983
 20
-1265.0949268341067
 10
591.736026763916
 20
-1264.006790161133
 10
590.9489092826843
 20
-1262.9504451751711
 10
590.1299743652344
 20
-1261.9259033203127
 10
589.2792134284973
 20
-1260.9331760406496
 10
588.3966178894043
 20
-1259.9722747802737
 10
587.4821791648865
 20
-1259.0432109832766
 10
586.535888671875
 20
-1258.1459960937502
 10
585.557737827301
 20
-1257.2806415557864
 10
584.5477180480957
 20
-1256.4471588134768
 10
583.5058207511902
 20
-1255.6455593109133
 10
582.4320373535156
 20
-1254.8758544921877
 10
581.3263592720032
 20
-1254.1380558013918
 10
580.188777923584
 20
-1253.4321746826174
 10
579.0192847251892
 20
-1252.7582225799563
 10
577.81787109375
 20
-1252.1162109375002
 10
576.5907098054886
 20
-1251.5097315311434
 10
575.3439798355103
 20
-1250.9423694610598
 10
574.0776818990707
 20
-1250.4141261577608
 10
572.7918167114258
 20
-1249.925003051758
 10
571.4863849878311
 20
-1249.4750015735628
 10
570.1613874435425
 20
-1249.0641231536868
 10
568.8168247938156
 20
-1248.6923692226412
 10
567.4526977539062
 20
-1248.3597412109377
 10
566.0690070390701
 20
-1248.0662405490878
 10
564.665753364563
 20
-1247.8118686676028
 10
563.2429374456406
 20
-1247.5966269969942
 10
561.8005599975586
 20
-1247.4205169677737
 10
560.3386217355728
 20
-1247.2835400104525
 10
558.857123374939
 20
-1247.1856975555422
 10
557.3560656309128
 20
-1247.1269910335543
 10
555.83544921875
 20
-1247.1074218750002
 10
528.93701171875
 20
-1247.1074218750002
 10
522.2587890625
 20
-1247.1074218750002
 10
507.6040039062499
 20
-1247.1074218750002
 10
507.6040039062499
 20
-1376.9619140625002
 10
528.93701171875
 20
-1376.9619140625002
 10
528.93701171875
 20
-1327.9882812500002
 10
555.83544921875
 20
-1327.9882812500002
 10
557.3560656309128
 20
-1327.9687120914462
 10
558.857123374939
 20
-1327.9100055694582
 97
0
 92
2
 72
0
 73
1
 93
51
 10
559.5086450576782
 20
-1266.0369224548342
 10
561.0055541992188
 20
-1266.3312988281252
 10
562.4532766342163
 20
-1266.7096290588381
 10
563.8518753051758
 20
-1267.171844482422
 10
565.201413154602
 20
-1267.7178764343264
 10
566.501953125
 20
-1268.3476562500002
 10
567.7436370849609
 20
-1269.0554924011233
 10
568.9187622070312
 20
-1269.8327941894534
 10
570.0273284912109
 20
-1270.6795387268069
 10
571.0693359375
 20
-1271.5957031250002
 10
572.0447845458984
 20
-1272.5812644958498
 10
572.9536743164062
 20
-1273.636199951172
 10
573.7960052490233
 20
-1274.7604866027834
 10
574.5717773437499
 20
-1275.9541015625002
 10
575.2667884826659
 20
-1277.2108993530276
 10
575.8693542480469
 20
-1278.5225830078127
 10
576.3794059753418
 20
-1279.8891983032229
 10
576.796875
 20
-1281.3107910156252
 10
577.1216926574707
 20
-1282.787406921387
 10
577.3537902832031
 20
-1284.3190917968752
 10
577.4930992126465
 20
-1285.9058914184573
 10
577.53955078125
 20
-1287.5478515625002
 10
577.4930992126465
 20
-1289.1899719238284
 10
577.3537902832031
 20
-1290.7771606445315
 10
577.1216926574707
 20
-1292.3093261718752
 10
576.796875
 20
-1293.7863769531252
 10
576.3794059753418
 20
-1295.208221435547
 10
575.8693542480469
 20
-1296.5747680664065
 10
575.2667884826659
 20
-1297.885925292969
 10
574.5717773437499
 20
-1299.1416015625002
 10
573.7960052490233
 20
-1300.3362178802493
 10
572.9536743164062
 20
-1301.4612884521487
 10
572.0447845458984
 20
-1302.5167560577395
 10
571.0693359375
 20
-1303.5025634765627
 10
570.0273284912109
 20
-1304.4186534881594
 10
568.9187622070312
 20
-1305.2649688720705
 10
567.7436370849609
 20
-1306.0414524078371
 10
566.501953125
 20
-1306.7480468750002
 10
565.201413154602
 20
-1307.3786678314211
 10
563.8518753051758
 20
-1307.9250946044924
 10
562.4532766342163
 20
-1308.3873615264895
 10
561.0055541992188
 20
-1308.7655029296877
 10
559.5086450576782
 20
-1309.0595531463625
 10
557.9624862670898
 20
-1309.2695465087893
 10
556.3670148849487
 20
-1309.3955173492434
 10
554.72216796875
 20
-1309.4375000000002
 10
528.93701171875
 20
-1309.4375000000002
 10
528.93701171875
 20
-1265.6582031250002
 10
554.72216796875
 20
-1265.6582031250002
 10
556.3670148849487
 20
-1265.700305938721
 10
557.9624862670898
 20
-1265.8265686035159
 97
0
 75
0
 76
1
 98
0
  0
LWPOLYLINE
  5
38
330
17
100
AcDbEntity
  8
WORDMARK
100
AcDbPolyline
 90
104
 70
1
 10
560.3386217355728
 20
-1327.812163114548
 10
561.8005599975586
 20
-1327.6751861572268
 10
563.2429374456406
 20
-1327.4990761280062
 10
564.665753364563
 20
-1327.2838344573977
 10
566.0690070390701
 20
-1327.0294625759127
 10
567.4526977539062
 20
-1326.7359619140627
 10
568.8168247938156
 20
-1326.4033339023592
 10
570.1613874435425
 20
-1326.0315799713137
 10
571.4863849878311
 20
-1325.6207015514376
 10
572.7918167114258
 20
-1325.1707000732424
 10
574.0776818990707
 20
-1324.6815769672396
 10
575.3439798355103
 20
-1324.1533336639407
 10
576.5907098054886
 20
-1323.585971593857
 10
577.81787109375
 20
-1322.9794921875002
 10
579.0192847251892
 20
-1322.3375234603884
 10
580.188777923584
 20
-1321.6636886596682
 10
581.3263592720032
 20
-1320.9579820632937
 10
582.4320373535156
 20
-1320.220397949219
 10
583.5058207511902
 20
-1319.4509305953982
 10
584.5477180480957
 20
-1318.6495742797854
 10
585.557737827301
 20
-1317.8163232803347
 10
586.535888671875
 20
-1316.9511718750002
 10
587.4821791648865
 20
-1316.054114341736
 10
588.3966178894043
 20
-1315.1251449584963
 10
589.2792134284973
 20
-1314.164258003235
 10
590.1299743652344
 20
-1313.1714477539065
 10
590.9489092826843
 20
-1312.1467084884646
 10
591.736026763916
 20
-1311.0900344848635
 10
592.4913353919983
 20
-1310.0014200210574
 10
593.21484375
 20
-1308.8808593750002
 10
593.8998290300369
 20
-1307.7326867580416
 10
594.5406579971313
 20
-1306.5597820281985
 10
595.1373256444931
 20
-1305.3621551990511
 10
595.689826965332
 20
-1304.13981628418
 10
596.198156952858
 20
-1302.8927752971651
 10
596.6623106002808
 20
-1301.6210422515871
 10
597.0822829008102
 20
-1300.3246271610262
 10
597.4580688476562
 20
-1299.0035400390627
 10
597.7896634340286
 20
-1297.657790899277
 10
598.0770616531372
 20
-1296.2873897552493
 10
598.3202584981918
 20
-1294.89234662056
 10
598.5192489624023
 20
-1293.4726715087893
 10
598.6740280389786
 20
-1292.0283744335177
 10
598.7845907211304
 20
-1290.5594654083254
 10
598.8509320020676
 20
-1289.0659544467928
 10
598.873046875
 20
-1287.5478515625002
 10
598.8509320020676
 20
-1286.0297808647158
 10
598.7845907211304
 20
-1284.536357879639
 10
598.6740280389786
 20
-1283.0675797462466
 10
598.5192489624023
 20
-1281.6234436035159
 10
598.3202584981918
 20
-1280.2039465904238
 10
598.0770616531372
 20
-1278.8090858459475
 10
597.7896634340286
 20
-1277.438858509064
 10
597.4580688476562
 20
-1276.0932617187502
 10
597.0822829008102
 20
-1274.7722926139834
 10
596.6623106002808
 20
-1273.4759483337405
 10
596.198156952858
 20
-1272.2042260169985
 10
595.689826965332
 20
-1270.9571228027346
 10
595.1373256444931
 20
-1269.7346358299258
 10
594.5406579971313
 20
-1268.536762237549
 10
593.8998290300369
 20
-1267.3634991645815
 10
593.21484375
 20
-1266.2148437500002
 10
592.4913353919983
 20
-1265.0949268341067
 10
591.736026763916
 20
-1264.006790161133
 10
590.9489092826843
 20
-1262.9504451751711
 10
590.1299743652344
 20
-1261.9259033203127
 10
589.2792134284973
 20
-1260.9331760406496
 10
588.3966178894043
 20
-1259.9722747802737
 10
587.4821791648865
 20
-1259.0432109832766
 10
586.535888671875
 20
-1258.1459960937502
 10
585.557737827301
 20
-1257.2806415557864
 10
584.5477180480957
 20
-1256.4471588134768
 10
583.5058207511902
 20
-1255.6455593109133
 10
582.4320373535156
 20
-1254.8758544921877
 10
581.3263592720032
 20
-1254.1380558013918
 10
580.188777923584
 20
-1253.4321746826174
 10
579.0192847251892
 20
-1252.7582225799563
 10
577.81787109375
 20
-1252.1162109375002
 10
576.5907098054886
 20
-1251.5097315311434
 10
575.3439798355103
 20
-1250.9423694610598
 10
574.0776818990707
 20
-1250.4141261577608
 10
572.7918167114258
 20
-1249.925003051758
 10
571.4863849878311
 20
-1249.4750015735628
 10
570.1613874435425
 20
-1249.0641231536868
 10
568.8168247938156
 20
-1248.6923692226412
 10
567.4526977539062
 20
-1248.3597412109377
 10
566.0690070390701
 20
-1248.0662405490878
 10
564.665753364563
 20
-1247.8118686676028
 10
563.2429374456406
 20
-1247.5966269969942
 10
561.8005599975586
 20
-1247.4205169677737
 10
560.3386217355728
 20
-1247.2835400104525
 10
558.857123374939
 20
-1247.1856975555422
 10
557.3560656309128
 20
-1247.1269910335543
 10
555.83544921875
 20
-1247.1074218750002
 10
528.93701171875
 20
-1247.1074218750002
 10
522.2587890625
 20
-1247.1074218750002
 10
507.6040039062499
 20
-1247.1074218750002
 10
507.6040039062499
 20
-1376.9619140625002
 10
528.93701171875
 20
-1376.9619140625002
 10
528.93701171875
 20
-1327.9882812500002
 10
555.83544921875
 20
-1327.9882812500002
 10
557.3560656309128
 20
-1327.9687120914462
 10
558.857123374939
 20
-1327.9100055694582
 10
560.3386217355728
 20
-1327.812163114548
  0
LWPOLYLINE
  5
39
330
17
100
AcDbEntity
  8
WORDMARK
100
AcDbPolyline
 90
52
 70
1
 10
559.5086450576782
 20
-1266.0369224548342
 10
561.0055541992188
 20
-1266.3312988281252
 10
562.4532766342163
 20
-1266.7096290588381
 10
563.8518753051758
 20
-1267.171844482422
 10
565.201413154602
 20
-1267.7178764343264
 10
566.501953125
 20
-1268.3476562500002
 10
567.7436370849609
 20
-1269.0554924011233
 10
568.9187622070312
 20
-1269.8327941894534
 10
570.0273284912109
 20
-1270.6795387268069
 10
571.0693359375
 20
-1271.5957031250002
 10
572.0447845458984
 20
-1272.5812644958498
 10
572.9536743164062
 20
-1273.636199951172
 10
573.7960052490233
 20
-1274.7604866027834
 10
574.5717773437499
 20
-1275.9541015625002
 10
575.2667884826659
 20
-1277.2108993530276
 10
575.8693542480469
 20
-1278.5225830078127
 10
576.3794059753418
 20
-1279.8891983032229
 10
576.796875
 20
-1281.3107910156252
 10
577.1216926574707
 20
-1282.787406921387
 10
577.3537902832031
 20
-1284.3190917968752
 10
577.4930992126465
 20
-1285.9058914184573
 10
577.53955078125
 20
-1287.5478515625002
 10
577.4930992126465
 20
-1289.1899719238284
 10
577.3537902832031
 20
-1290.7771606445315
 10
577.1216926574707
 20
-1292.3093261718752
 10
576.796875
 20
-1293.7863769531252
 10
576.3794059753418
 20
-1295.208221435547
 10
575.8693542480469
 20
-1296.5747680664065
 10
575.2667884826659
 20
-1297.885925292969
 10
574.5717773437499
 20
-1299.1416015625002
 10
573.7960052490233
 20
-1300.3362178802493
 10
572.9536743164062
 20
-1301.4612884521487
 10
572.0447845458984
 20
-1302.5167560577395
 10
571.0693359375
 20
-1303.5025634765627
 10
570.0273284912109
 20
-1304.4186534881594
 10
568.9187622070312
 20
-1305.2649688720705
 10
567.7436370849609
 20
-1306.0414524078371
 10
566.501953125
 20
-1306.7480468750002
 10
565.201413154602
 20
-1307.3786678314211
 10
563.8518753051758
 20
-1307.9250946044924
 10
562.4532766342163
 20
-1308.3873615264895
 10
561.0055541992188
 20
-1308.7655029296877
 10
559.5086450576782
 20
-1309.0595531463625
 10
557.9624862670898
 20
-1309.2695465087893
 10
556.3670148849487
 20
-1309.3955173492434
 10
554.72216796875
 20
-1309.4375000000002
 10
528.93701171875
 20
-1309.4375000000002
 10
528.93701171875
 20
-1265.6582031250002
 10
554.72216796875
 20
-1265.6582031250002
 10
556.3670148849487
 20
-1265.700305938721
 10
557.9624862670898
 20
-1265.8265686035159
 10
559.5086450576782
 20
-1266.0369224548342
  0
HATCH
  5
3A
330
17
100
AcDbEntity
  8
WORDMARK
 62
7
420
1446687
100
AcDbHatch
 10
0.0
 20
0.0
 30
0.0
210
0.0
220
0.0
230
1.0
  2
SOLID
 70
1
 71
0
 91
2
 92
3
 72
0
 73
1
 93
8
 10
1107.259765625
 20
-1376.9619140625002
 10
1130.2626953125
 20
-1376.9619140625002
 10
1077.2080078125
 20
-1247.1074218750002
 10
1062.3671875
 20
-1247.1074218750002
 10
1008.94140625
 20
-1376.9619140625002
 10
1031.5732421875
 20
-1376.9619140625002
 10
1041.5552273267333
 20
-1351.9189453125002
 10
1097.3661351561195
 20
-1351.9189453125002
 97
0
 92
2
 72
0
 73
1
 93
3
 10
1069.5847315969115
 20
-1281.598063270996
 10
1090.0373485242815
 20
-1333.3681640625002
 10
1048.9494633938396
 20
-1333.3681640625002
 97
0
 75
0
 76
1
 98
0
  0
LWPOLYLINE
  5
3B
330
17
100
AcDbEntity
  8
WORDMARK
100
AcDbPolyline
 90
9
 70
1
 10
1107.259765625
 20
-1376.9619140625002
 10
1130.2626953125
 20
-1376.9619140625002
 10
1077.2080078125
 20
-1247.1074218750002
 10
1062.3671875
 20
-1247.1074218750002
 10
1008.94140625
 20
-1376.9619140625002
 10
1031.5732421875
 20
-1376.9619140625002
 10
1041.5552273267333
 20
-1351.9189453125002
 10
1097.3661351561195
 20
-1351.9189453125002
 10
1107.259765625
 20
-1376.9619140625002
  0
LWPOLYLINE
  5
3C
330
17
100
AcDbEntity
  8
WORDMARK
100
AcDbPolyline
 90
4
 70
1
 10
1069.5847315969115
 20
-1281.598063270996
 10
1090.0373485242815
 20
-1333.3681640625002
 10
1048.9494633938396
 20
-1333.3681640625002
 10
1069.5847315969115
 20
-1281.598063270996
  0
HATCH
  5
3D
330
17
100
AcDbEntity
  8
WORDMARK
 62
7
420
1446687
100
AcDbHatch
 10
0.0
 20
0.0
 30
0.0
210
0.0
220
0.0
230
1.0
  2
SOLID
 70
1
 71
0
 91
1
 92
3
 72
0
 73
1
 93
87
 10
973.7213439941406
 20
-1322.0644531250002
 10
973.9169864654541
 20
-1320.8421325683596
 10
974.1561050415039
 20
-1319.6676025390627
 10
974.43869972229
 20
-1318.5408630371096
 10
974.7647705078125
 20
-1317.4619140625002
 10
975.1343173980713
 20
-1316.4307556152346
 10
975.5473403930664
 20
-1315.4473876953127
 10
976.0038394927979
 20
-1314.5118103027346
 10
976.5038146972656
 20
-1313.6240234375002
 10
977.0472660064697
 20
-1312.7840270996096
 10
977.6341934204102
 20
-1311.9918212890627
 10
978.264596939087
 20
-1311.2474060058596
 10
978.9384765625001
 20
-1310.5507812500002
 10
979.6457624435426
 20
-1309.8994183540347
 10
980.376205444336
 20
-1309.2900581359866
 10
981.1298112869264
 20
-1308.722703456879
 10
981.9065856933594
 20
-1308.1973571777346
 10
982.7065343856812
 20
-1307.7140221595766
 10
983.5296630859375
 20
-1307.272701263428
 10
984.3759775161743
 20
-1306.8733973503115
 10
985.2454833984375
 20
-1306.5161132812502
 10
986.138186454773
 20
-1306.200851917267
 10
987.0540924072266
 20
-1305.927616119385
 10
987.9932069778442
 20
-1305.696408748627
 10
988.9555358886719
 20
-1305.5072326660159
 10
989.9410848617554
 20
-1305.3600907325747
 10
990.9498596191406
 20
-1305.2549858093264
 10
991.9818658828735
 20
-1305.191920757294
 10
993.037109375
 20
-1305.1708984375002
 10
993.9964971542358
 20
-1305.1882934570315
 10
994.9268112182617
 20
-1305.2404785156252
 10
995.8280916213989
 20
-1305.3274536132815
 10
996.7003784179688
 20
-1305.4492187500002
 10
997.5437116622925
 20
-1305.6057739257815
 10
998.3581314086914
 20
-1305.7971191406252
 10
999.1436777114868
 20
-1306.0232543945315
 10
999.900390625
 20
-1306.2841796875002
 10
1000.63307762146
 20
-1306.585704803467
 10
1001.3486785888672
 20
-1306.9336242675784
 10
1002.0471363067627
 20
-1307.3279151916506
 10
1002.7283935546875
 20
-1307.7685546875002
 10
1003.3923931121826
 20
-1308.2555198669436
 10
1004.0390777587891
 20
-1308.788787841797
 10
1004.6683902740479
 20
-1309.3683357238772
 10
1005.2802734375
 20
-1309.9941406250002
 10
1018.63671875
 20
-1296.2666015625002
 10
1017.4653911590576
 20
-1294.9685249328616
 10
1016.2709808349609
 20
-1293.7630310058596
 10
1015.0534763336182
 20
-1292.650142669678
 10
1013.8128662109375
 20
-1291.6298828125002
 10
1012.5491390228271
 20
-1290.70227432251
 10
1011.2622833251953
 20
-1289.8673400878909
 10
1009.9522876739502
 20
-1289.1251029968264
 10
1008.619140625
 20
-1288.4755859375002
 10
1007.2535305023193
 20
-1287.9109954833987
 10
1005.8475799560547
 20
-1287.4213867187502
 10
1004.4012317657471
 20
-1287.0068511962893
 10
1002.9144287109375
 20
-1286.6674804687502
 10
1001.387113571167
 20
-1286.4033660888674
 10
999.8192291259766
 20
-1286.2145996093752
 10
998.2107181549072
 20
-1286.101272583008
 10
996.5615234375
 20
-1286.0634765625002
 10
994.6900593042374
 20
-1286.104444742203
 10
992.8787660598755
 20
-1286.227342605591
 10
991.1276415586472
 20
-1286.432160139084
 10
989.4366836547852
 20
-1286.7188873291018
 10
987.8058902025223
 20
-1287.0875141620638
 10
986.2352590560913
 20
-1287.5380306243899
 10
984.724788069725
 20
-1288.0704267024996
 10
983.2744750976562
 20
-1288.6846923828127
 10
981.8843179941177
 20
-1289.3808176517489
 10
980.5543146133423
 20
-1290.1587924957278
 10
979.2844628095627
 20
-1291.018606901169
 10
978.0747604370117
 20
-1291.9602508544924
 10
976.9252053499222
 20
-1292.9837143421175
 10
975.8357954025269
 20
-1294.088987350464
 10
974.8065284490585
 20
-1295.2760598659518
 10
973.83740234375
 20
-1296.5449218750002
 10
973.37353515625
 20
-1297.2257368316866
 10
973.37353515625
 20
-1287.9189453125002
 10
952.9677734375
 20
-1287.9189453125002
 10
952.9677734375
 20
-1376.9619140625002
 10
973.37353515625
 20
-1376.9619140625002
 10
973.37353515625
 20
-1327.4316406250002
 10
973.3952732086182
 20
-1326.0181579589846
 10
973.4604873657227
 20
-1324.6524658203127
 10
973.5691776275635
 20
-1323.3345642089846
 97
0
 75
0
 76
1
 98
0
  0
LWPOLYLINE
  5
3E
330
17
100
AcDbEntity
  8
WORDMARK
100
AcDbPolyline
 90
88
 70
1
 10
973.7213439941406
 20
-1322.0644531250002
 10
973.9169864654541
 20
-1320.8421325683596
 10
974.1561050415039
 20
-1319.6676025390627
 10
974.43869972229
 20
-1318.5408630371096
 10
974.7647705078125
 20
-1317.4619140625002
 10
975.1343173980713
 20
-1316.4307556152346
 10
975.5473403930664
 20
-1315.4473876953127
 10
976.0038394927979
 20
-1314.5118103027346
 10
976.5038146972656
 20
-1313.6240234375002
 10
977.0472660064697
 20
-1312.7840270996096
 10
977.6341934204102
 20
-1311.9918212890627
 10
978.264596939087
 20
-1311.2474060058596
 10
978.9384765625001
 20
-1310.5507812500002
 10
979.6457624435426
 20
-1309.8994183540347
 10
980.376205444336
 20
-1309.2900581359866
 10
981.1298112869264
 20
-1308.722703456879
 10
981.9065856933594
 20
-1308.1973571777346
 10
982.7065343856812
 20
-1307.7140221595766
 10
983.5296630859375
 20
-1307.272701263428
 10
984.3759775161743
 20
-1306.8733973503115
 10
985.2454833984375
 20
-1306.5161132812502
 10
986.138186454773
 20
-1306.200851917267
 10
987.0540924072266
 20
-1305.927616119385
 10
987.9932069778442
 20
-1305.696408748627
 10
988.9555358886719
 20
-1305.5072326660159
 10
989.9410848617554
 20
-1305.3600907325747
 10
990.9498596191406
 20
-1305.2549858093264
 10
991.9818658828735
 20
-1305.191920757294
 10
993.037109375
 20
-1305.1708984375002
 10
993.9964971542358
 20
-1305.1882934570315
 10
994.9268112182617
 20
-1305.2404785156252
 10
995.8280916213989
 20
-1305.3274536132815
 10
996.7003784179688
 20
-1305.4492187500002
 10
997.5437116622925
 20
-1305.6057739257815
 10
998.3581314086914
 20
-1305.7971191406252
 10
999.1436777114868
 20
-1306.0232543945315
 10
999.900390625
 20
-1306.2841796875002
 10
1000.63307762146
 20
-1306.585704803467
 10
1001.3486785888672
 20
-1306.9336242675784
 10
1002.0471363067627
 20
-1307.3279151916506
 10
1002.7283935546875
 20
-1307.7685546875002
 10
1003.3923931121826
 20
-1308.2555198669436
 10
1004.0390777587891
 20
-1308.788787841797
 10
1004.6683902740479
 20
-1309.3683357238772
 10
1005.2802734375
 20
-1309.9941406250002
 10
1018.63671875
 20
-1296.2666015625002
 10
1017.4653911590576
 20
-1294.9685249328616
 10
1016.2709808349609
 20
-1293.7630310058596
 10
1015.0534763336182
 20
-1292.650142669678
 10
1013.8128662109375
 20
-1291.6298828125002
 10
1012.5491390228271
 20
-1290.70227432251
 10
1011.2622833251953
 20
-1289.8673400878909
 10
1009.9522876739502
 20
-1289.1251029968264
 10
1008.619140625
 20
-1288.4755859375002
 10
1007.2535305023193
 20
-1287.9109954833987
 10
1005.8475799560547
 20
-1287.4213867187502
 10
1004.4012317657471
 20
-1287.0068511962893
 10
1002.9144287109375
 20
-1286.6674804687502
 10
1001.387113571167
 20
-1286.4033660888674
 10
999.8192291259766
 20
-1286.2145996093752
 10
998.2107181549072
 20
-1286.101272583008
 10
996.5615234375
 20
-1286.0634765625002
 10
994.6900593042374
 20
-1286.104444742203
 10
992.8787660598755
 20
-1286.227342605591
 10
991.1276415586472
 20
-1286.432160139084
 10
989.4366836547852
 20
-1286.7188873291018
 10
987.8058902025223
 20
-1287.0875141620638
 10
986.2352590560913
 20
-1287.5380306243899
 10
984.724788069725
 20
-1288.0704267024996
 10
983.2744750976562
 20
-1288.6846923828127
 10
981.8843179941177
 20
-1289.3808176517489
 10
980.5543146133423
 20
-1290.1587924957278
 10
979.2844628095627
 20
-1291.018606901169
 10
978.0747604370117
 20
-1291.9602508544924
 10
976.9252053499222
 20
-1292.9837143421175
 10
975.8357954025269
 20
-1294.088987350464
 10
974.8065284490585
 20
-1295.2760598659518
 10
973.83740234375
 20
-1296.5449218750002
 10
973.37353515625
 20
-1297.2257368316866
 10
973.37353515625
 20
-1287.9189453125002
 10
952.9677734375
 20
-1287.9189453125002
 10
952.9677734375
 20
-1376.9619140625002
 10
973.37353515625
 20
-1376.9619140625002
 10
973.37353515625
 20
-1327.4316406250002
 10
973.3952732086182
 20
-1326.0181579589846
 10
973.4604873657227
 20
-1324.6524658203127
 10
973.5691776275635
 20
-1323.3345642089846
 10
973.7213439941406
 20
-1322.0644531250002
  0
HATCH
  5
3F
330
17
100
AcDbEntity
  8
WORDMARK
 62
7
420
1446687
100
AcDbHatch
 10
0.0
 20
0.0
 30
0.0
210
0.0
220
0.0
230
1.0
  2
SOLID
 70
1
 71
0
 91
2
 92
3
 72
0
 73
1
 93
192
 10
654.6491165161133
 20
-1378.429138183594
 10
656.2041345834732
 20
-1378.2107267379763
 10
657.7388944625854
 20
-1377.9437637329104
 10
659.2533911466599
 20
-1377.6282434463503
 10
660.7476196289062
 20
-1377.2641601562502
 10
662.2215749025345
 20
-1376.8515081405642
 10
663.6752519607544
 20
-1376.3902816772463
 10
665.1086457967758
 20
-1375.8804750442507
 10
666.5217514038086
 20
-1375.3220825195315
 10
667.9145637750626
 20
-1374.7150983810427
 10
669.2870779037476
 20
-1374.0595169067385
 10
670.6392887830734
 20
-1373.355332374573
 10
671.97119140625
 20
-1372.6025390625002
 10
673.2758878469467
 20
-1371.8089268207552
 10
674.5464887619019
 20
-1370.9811954498293
 10
675.7830020189285
 20
-1370.11935210228
 10
676.9854354858397
 20
-1369.2234039306643
 10
678.1537970304488
 20
-1368.29335808754
 10
679.2880945205687
 20
-1367.329221725464
 10
680.3883358240126
 20
-1366.3310019969942
 10
681.4545288085936
 20
-1365.2987060546877
 10
682.4866813421248
 20
-1364.232341051102
 10
683.4848012924193
 20
-1363.1319141387942
 10
684.4488965272902
 20
-1361.9974324703219
 10
685.3789749145507
 20
-1360.8289031982424
 10
686.2750443220139
 20
-1359.6263334751131
 10
687.1371126174927
 20
-1358.3897304534914
 10
687.9651876688004
 20
-1357.1191012859347
 10
688.75927734375
 20
-1355.8144531250002
 10
689.5116683244705
 20
-1354.4832179546358
 10
690.2155542373657
 20
-1353.1331844329836
 10
690.8709300756454
 20
-1351.7643454074862
 10
691.4777908325195
 20
-1350.3766937255862
 10
692.0361315011978
 20
-1348.9702222347262
 10
692.5459470748901
 20
-1347.5449237823489
 10
693.0072325468063
 20
-1346.1007912158968
 10
693.4199829101562
 20
-1344.6378173828127
 10
693.7841931581497
 20
-1343.1559951305392
 10
694.0998582839966
 20
-1341.6553173065188
 10
694.3669732809067
 20
-1340.1357767581942
 10
694.5855331420898
 20
-1338.597366333008
 10
694.7555328607559
 20
-1337.040078878403
 10
694.8769674301147
 20
-1335.4639072418215
 10
694.9498318433762
 20
-1333.8688442707064
 10
694.97412109375
 20
-1332.2548828125002
 10
694.9498318433762
 20
-1330.6417701244357
 10
694.8769674301147
 20
-1329.0481624603274
 10
694.7555328607559
 20
-1327.4740641117098
 10
694.5855331420898
 20
-1325.9194793701174
 10
694.3669732809067
 20
-1324.3844125270846
 10
694.0998582839966
 20
-1322.8688678741457
 10
693.7841931581497
 20
-1321.3728497028353
 10
693.4199829101562
 20
-1319.8963623046877
 10
693.0072325468063
 20
-1318.4394099712374
 10
692.5459470748901
 20
-1317.0019969940188
 10
692.0361315011978
 20
-1315.5841276645663
 10
691.4777908325195
 20
-1314.1858062744143
 10
690.8709300756454
 20
-1312.8070371150973
 10
690.2155542373657
 20
-1311.4478244781496
 10
689.5116683244705
 20
-1310.1081726551058
 10
688.75927734375
 20
-1308.7880859375002
 10
687.9651876688004
 20
-1307.4953169822695
 10
687.1371126174927
 20
-1306.2365226745608
 10
686.2750443220139
 20
-1305.0117115974429
 10
685.3789749145507
 20
-1303.8208923339846
 10
684.4488965272902
 20
-1302.6640734672549
 10
683.4848012924193
 20
-1301.5412635803225
 10
682.4866813421248
 20
-1300.4524712562563
 10
681.4545288085936
 20
-1299.3977050781252
 10
680.3883358240126
 20
-1298.376973628998
 10
679.2880945205687
 20
-1297.3902854919436
 10
678.1537970304488
 20
-1296.4376492500307
 10
676.9854354858397
 20
-1295.5190734863284
 10
675.7830020189285
 20
-1294.6345667839053
 10
674.5464887619019
 20
-1293.7841377258303
 10
673.2758878469467
 20
-1292.9677948951723
 10
671.97119140625
 20
-1292.1855468750002
 10
670.6392887830734
 20
-1291.4442560672762
 10
669.2870779037476
 20
-1290.750780105591
 10
667.9145637750626
 20
-1290.1051204204562
 10
666.5217514038086
 20
-1289.507278442383
 10
665.1086457967758
 20
-1288.9572556018832
 10
663.6752519607544
 20
-1288.455053329468
 10
662.2215749025345
 20
-1288.000673055649
 10
660.7476196289062
 20
-1287.5941162109377
 10
659.2533911466599
 20
-1287.2353842258456
 10
657.7388944625854
 20
-1286.924478530884
 10
656.2041345834732
 20
-1286.6614005565646
 10
654.6491165161133
 20
-1286.4461517333987
 10
653.0738452672957
 20
-1286.2787334918978
 10
651.4783258438109
 20
-1286.1591472625735
 10
649.8625632524489
 20
-1286.0873944759371
 10
648.2265624999999
 20
-1286.0634765625002
 10
646.6125956773757
 20
-1286.087771177292
 10
645.017518043518
 20
-1286.1606502532961
 10
643.4413245916365
 20
-1286.282106637955
 10
641.8840103149414
 20
-1286.4521331787112
 10
640.3455702066422
 20
-1286.6707227230074
 10
638.8259992599487
 20
-1286.9378681182864
 10
637.325292468071
 20
-1287.2535622119906
 10
635.8434448242188
 20
-1287.6177978515627
 10
634.3804513216019
 20
-1288.0305678844454
 10
632.9363069534302
 20
-1288.4918651580813
 10
631.5110067129135
 20
-1289.001682519913
 10
630.1045455932617
 20
-1289.560012817383
 10
628.7169185876845
 20
-1290.1668488979342
 10
627.348120689392
 20
-1290.822183609009
 10
625.9981468915938
 20
-1291.5260097980502
 10
624.6669921874999
 20
-1292.2783203125002
 10
623.362268924713
 20
-1293.0717048645022
 10
622.0915946960448
 20
-1293.897659301758
 10
620.8549723625182
 20
-1294.7561836242678
 10
619.6524047851562
 20
-1295.6472778320315
 10
618.4838948249817
 20
-1296.570941925049
 10
617.3494453430176
 20
-1297.5271759033205
 10
616.2490592002869
 20
-1298.515979766846
 10
615.1827392578125
 20
-1299.5373535156252
 10
614.1504883766174
 20
-1300.5912971496584
 10
613.1523094177246
 20
-1301.6778106689455
 10
612.188205242157
 20
-1302.7968940734866
 10
611.2581787109375
 20
-1303.9485473632815
 10
610.3622326850891
 20
-1305.1327705383303
 10
609.5003700256348
 20
-1306.349563598633
 10
608.6725935935974
 20
-1307.5989265441897
 10
607.87890625
 20
-1308.8808593750002
 10
607.1260324716568
 20
-1310.1899263858797
 10
606.4217882156372
 20
-1311.5192279815676
 10
605.7661656141281
 20
-1312.8687655925753
 10
605.1591567993164
 20
-1314.2385406494143
 10
604.600753903389
 20
-1315.628554582596
 10
604.0909490585327
 20
-1317.038808822632
 10
603.6297343969345
 20
-1318.4693048000338
 10
603.2171020507812
 20
-1319.9200439453127
 10
602.8530441522597
 20
-1321.3910276889803
 10
602.537552833557
 20
-1322.882257461548
 10
602.2706202268599
 20
-1324.3937346935274
 10
602.0522384643554
 20
-1325.92546081543
 10
601.8823996782302
 20
-1327.477437257767
 10
601.7610960006713
 20
-1329.04966545105
 10
601.6883195638655
 20
-1330.6421468257906
 10
601.6640624999999
 20
-1332.2548828125002
 10
601.6883195638655
 20
-1333.8688442707064
 10
601.7610960006713
 20
-1335.4639072418215
 10
601.8823996782302
 20
-1337.040078878403
 10
602.0522384643554
 20
-1338.597366333008
 10
602.2706202268599
 20
-1340.1357767581942
 10
602.537552833557
 20
-1341.6553173065188
 10
602.8530441522597
 20
-1343.1559951305392
 10
603.2171020507812
 20
-1344.6378173828127
 10
603.6297343969345
 20
-1346.1007912158968
 10
604.0909490585327
 20
-1347.5449237823489
 10
604.600753903389
 20
-1348.9702222347262
 10
605.1591567993164
 20
-1350.3766937255862
 10
605.7661656141281
 20
-1351.7643454074862
 10
606.4217882156372
 20
-1353.1331844329836
 10
607.1260324716568
 20
-1354.4832179546358
 10
607.87890625
 20
-1355.8144531250002
 10
608.6725935935974
 20
-1357.1191012859347
 10
609.5003700256348
 20
-1358.3897304534914
 10
610.3622326850891
 20
-1359.6263334751131
 10
611.2581787109375
 20
-1360.8289031982424
 10
612.188205242157
 20
-1361.9974324703219
 10
613.1523094177246
 20
-1363.1319141387942
 10
614.1504883766174
 20
-1364.232341051102
 10
615.1827392578125
 20
-1365.2987060546877
 10
616.2490592002869
 20
-1366.3310019969942
 10
617.3494453430176
 20
-1367.329221725464
 10
618.4838948249817
 20
-1368.29335808754
 10
619.6524047851562
 20
-1369.2234039306643
 10
620.8549723625182
 20
-1370.11935210228
 10
622.0915946960448
 20
-1370.9811954498293
 10
623.362268924713
 20
-1371.8089268207552
 10
624.6669921874999
 20
-1372.6025390625002
 10
625.9981468915938
 20
-1373.355332374573
 10
627.348120689392
 20
-1374.0595169067385
 10
628.7169185876845
 20
-1374.7150983810427
 10
630.1045455932617
 20
-1375.3220825195315
 10
631.5110067129135
 20
-1375.8804750442507
 10
632.9363069534302
 20
-1376.3902816772463
 10
634.3804513216019
 20
-1376.8515081405642
 10
635.8434448242188
 20
-1377.2641601562502
 10
637.325292468071
 20
-1377.6282434463503
 10
638.8259992599487
 20
-1377.9437637329104
 10
640.3455702066422
 20
-1378.2107267379763
 10
641.8840103149414
 20
-1378.429138183594
 10
643.4413245916365
 20
-1378.5990037918093
 10
645.017518043518
 20
-1378.7203292846682
 10
646.6125956773757
 20
-1378.7931203842165
 10
648.2265624999999
 20
-1378.8173828125002
 10
649.8625632524489
 20
-1378.7931203842165
 10
651.4783258438109
 20
-1378.7203292846682
 10
653.0738452672957
 20
-1378.5990037918093
 97
0
 92
2
 72
0
 73
1
 93
96
 10
641.199951171875
 20
-1358.2962646484377
 10
639.566780090332
 20
-1357.8138370513918
 10
637.98291015625
 20
-1357.2239837646487
 10
636.4482955932617
 20
-1356.5266246795657
 10
634.962890625
 20
-1355.7216796875002
 10
633.5424146652222
 20
-1354.8219051361086
 10
632.203025817871
 20
-1353.8379364013674
 10
630.9447870254515
 20
-1352.769807815552
 10
629.7677612304686
 20
-1351.6175537109377
 10
628.6720113754271
 20
-1350.3812084198
 10
627.6576004028319
 20
-1349.0608062744143
 10
626.724591255188
 20
-1347.656381607056
 10
625.873046875
 20
-1346.1679687500002
 10
625.1118021011353
 20
-1344.6114807128909
 10
624.4521865844727
 20
-1343.0028076171877
 10
623.8941602706909
 20
-1341.3419494628909
 10
623.4376831054688
 20
-1339.6289062500002
 10
623.0827150344849
 20
-1337.8636779785159
 10
622.829216003418
 20
-1336.0462646484377
 10
622.6771459579468
 20
-1334.1766662597659
 10
622.62646484375
 20
-1332.2548828125002
 10
622.6771459579468
 20
-1330.33610534668
 10
622.829216003418
 20
-1328.4754638671877
 10
623.0827150344849
 20
-1326.6728668212893
 10
623.4376831054688
 20
-1324.9282226562502
 10
623.8941602706909
 20
-1323.2414398193362
 10
624.4521865844727
 20
-1321.6124267578127
 10
625.1118021011353
 20
-1320.0410919189455
 10
625.873046875
 20
-1318.5273437500002
 10
626.724591255188
 20
-1317.0829124450686
 10
627.6576004028319
 20
-1315.7166442871096
 10
628.6720113754271
 20
-1314.4285163879397
 10
629.7677612304686
 20
-1313.2185058593752
 10
630.9447870254515
 20
-1312.0865898132326
 10
632.203025817871
 20
-1311.0327453613284
 10
633.5424146652222
 20
-1310.0569496154787
 10
634.962890625
 20
-1309.1591796875002
 10
636.4482955932617
 20
-1308.3550758361819
 10
637.98291015625
 20
-1307.6581115722659
 10
639.566780090332
 20
-1307.0683097839358
 10
641.199951171875
 20
-1306.5856933593752
 10
642.882469177246
 20
-1306.2102851867678
 10
644.6143798828124
 20
-1305.942108154297
 10
646.3957290649413
 20
-1305.7811851501467
 10
648.2265624999999
 20
-1305.7275390625002
 10
650.0986328124999
 20
-1305.7811851501467
 10
651.9128417968749
 20
-1305.942108154297
 10
653.6691894531249
 20
-1306.2102851867678
 10
655.3676757812499
 20
-1306.5856933593752
 10
657.0083007812499
 20
-1307.0683097839358
 10
658.5910644531249
 20
-1307.6581115722659
 10
660.115966796875
 20
-1308.3550758361819
 10
661.5830078125
 20
-1309.1591796875002
 10
662.9823341369629
 20
-1310.0569496154787
 10
664.3066101074219
 20
-1311.0327453613284
 10
665.5557670593262
 20
-1312.0865898132326
 10
666.729736328125
 20
-1313.2185058593752
 10
667.8284492492676
 20
-1314.4285163879397
 10
668.8518371582031
 20
-1315.7166442871096
 10
669.7998313903809
 20
-1317.0829124450686
 10
670.67236328125
 20
-1318.5273437500002
 10
671.4549779891968
 20
-1320.0410919189455
 10
672.1332626342773
 20
-1321.6124267578127
 10
672.7072114944458
 20
-1323.2414398193362
 10
673.1768188476562
 20
-1324.9282226562502
 10
673.5420789718627
 20
-1326.6728668212893
 10
673.8029861450194
 20
-1328.4754638671877
 10
673.9595346450805
 20
-1330.33610534668
 10
674.0117187499999
 20
-1332.2548828125002
 10
673.9609174728392
 20
-1334.1766662597659
 10
673.8085556030272
 20
-1336.0462646484377
 10
673.5546960830687
 20
-1337.8636779785159
 10
673.1994018554688
 20
-1339.6289062500002
 10
672.7427358627319
 20
-1341.3419494628909
 10
672.1847610473633
 20
-1343.0028076171877
 10
671.5255403518677
 20
-1344.6114807128909
 10
670.76513671875
 20
-1346.1679687500002
 10
669.9127511978149
 20
-1347.656381607056
 10
668.9793472290039
 20
-1349.0608062744143
 10
667.9648847579956
 20
-1350.3812084198
 10
666.8693237304688
 20
-1351.6175537109377
 10
665.692624092102
 20
-1352.769807815552
 10
664.4347457885742
 20
-1353.8379364013674
 10
663.095648765564
 20
-1354.8219051361086
 10
661.67529296875
 20
-1355.7216796875002
 10
660.1869029998779
 20
-1356.5266246795657
 10
658.6433868408202
 20
-1357.2239837646487
 10
657.0447788238524
 20
-1357.8138370513918
 10
655.3911132812499
 20
-1358.2962646484377
 10
653.682424545288
 20
-1358.671346664429
 10
651.9187469482421
 20
-1358.939163208008
 10
650.1001148223876
 20
-1359.0997943878176
 10
648.2265624999999
 20
-1359.1533203125002
 10
646.3957290649413
 20
-1359.0997943878176
 10
644.6143798828124
 20
-1358.939163208008
 10
642.882469177246
 20
-1358.671346664429
 97
0
 75
0
 76
1
 98
0
  0
LWPOLYLINE
  5
40
330
17
100
AcDbEntity
  8
WORDMARK
100
AcDbPolyline
 90
193
 70
1
 10
654.6491165161133
 20
-1378.429138183594
 10
656.2041345834732
 20
-1378.2107267379763
 10
657.7388944625854
 20
-1377.9437637329104
 10
659.2533911466599
 20
-1377.6282434463503
 10
660.7476196289062
 20
-1377.2641601562502
 10
662.2215749025345
 20
-1376.8515081405642
 10
663.6752519607544
 20
-1376.3902816772463
 10
665.1086457967758
 20
-1375.8804750442507
 10
666.5217514038086
 20
-1375.3220825195315
 10
667.9145637750626
 20
-1374.7150983810427
 10
669.2870779037476
 20
-1374.0595169067385
 10
670.6392887830734
 20
-1373.355332374573
 10
671.97119140625
 20
-1372.6025390625002
 10
673.2758878469467
 20
-1371.8089268207552
 10
674.5464887619019
 20
-1370.9811954498293
 10
675.7830020189285
 20
-1370.11935210228
 10
676.9854354858397
 20
-1369.2234039306643
 10
678.1537970304488
 20
-1368.29335808754
 10
679.2880945205687
 20
-1367.329221725464
 10
680.3883358240126
 20
-1366.3310019969942
 10
681.4545288085936
 20
-1365.2987060546877
 10
682.4866813421248
 20
-1364.232341051102
 10
683.4848012924193
 20
-1363.1319141387942
 10
684.4488965272902
 20
-1361.9974324703219
 10
685.3789749145507
 20
-1360.8289031982424
 10
686.2750443220139
 20
-1359.6263334751131
 10
687.1371126174927
 20
-1358.3897304534914
 10
687.9651876688004
 20
-1357.1191012859347
 10
688.75927734375
 20
-1355.8144531250002
 10
689.5116683244705
 20
-1354.4832179546358
 10
690.2155542373657
 20
-1353.1331844329836
 10
690.8709300756454
 20
-1351.7643454074862
 10
691.4777908325195
 20
-1350.3766937255862
 10
692.0361315011978
 20
-1348.9702222347262
 10
692.5459470748901
 20
-1347.5449237823489
 10
693.0072325468063
 20
-1346.1007912158968
 10
693.4199829101562
 20
-1344.6378173828127
 10
693.7841931581497
 20
-1343.1559951305392
 10
694.0998582839966
 20
-1341.6553173065188
 10
694.3669732809067
 20
-1340.1357767581942
 10
694.5855331420898
 20
-1338.597366333008
 10
694.7555328607559
 20
-1337.040078878403
 10
694.8769674301147
 20
-1335.4639072418215
 10
694.9498318433762
 20
-1333.8688442707064
 10
694.97412109375
 20
-1332.2548828125002
 10
694.9498318433762
 20
-1330.6417701244357
 10
694.8769674301147
 20
-1329.0481624603274
 10
694.7555328607559
 20
-1327.4740641117098
 10
694.5855331420898
 20
-1325.9194793701174
 10
694.3669732809067
 20
-1324.3844125270846
 10
694.0998582839966
 20
-1322.8688678741457
 10
693.7841931581497
 20
-1321.3728497028353
 10
693.4199829101562
 20
-1319.8963623046877
 10
693.0072325468063
 20
-1318.4394099712374
 10
692.5459470748901
 20
-1317.0019969940188
 10
692.0361315011978
 20
-1315.5841276645663
 10
691.4777908325195
 20
-1314.1858062744143
 10
690.8709300756454
 20
-1312.8070371150973
 10
690.2155542373657
 20
-1311.4478244781496
 10
689.5116683244705
 20
-1310.1081726551058
 10
688.75927734375
 20
-1308.7880859375002
 10
687.9651876688004
 20
-1307.4953169822695
 10
687.1371126174927
 20
-1306.2365226745608
 10
686.2750443220139
 20
-1305.0117115974429
 10
685.3789749145507
 20
-1303.8208923339846
 10
684.4488965272902
 20
-1302.6640734672549
 10
683.4848012924193
 20
-1301.5412635803225
 10
682.4866813421248
 20
-1300.4524712562563
 10
681.4545288085936
 20
-1299.3977050781252
 10
680.3883358240126
 20
-1298.376973628998
 10
679.2880945205687
 20
-1297.3902854919436
 10
678.1537970304488
 20
-1296.4376492500307
 10
676.9854354858397
 20
-1295.5190734863284
 10
675.7830020189285
 20
-1294.6345667839053
 10
674.5464887619019
 20
-1293.7841377258303
 10
673.2758878469467
 20
-1292.9677948951723
 10
671.97119140625
 20
-1292.1855468750002
 10
670.6392887830734
 20
-1291.4442560672762
 10
669.2870779037476
 20
-1290.750780105591
 10
667.9145637750626
 20
-1290.1051204204562
 10
666.5217514038086
 20
-1289.507278442383
 10
665.1086457967758
 20
-1288.9572556018832
 10
663.6752519607544
 20
-1288.455053329468
 10
662.2215749025345
 20
-1288.000673055649
 10
660.7476196289062
 20
-1287.5941162109377
 10
659.2533911466599
 20
-1287.2353842258456
 10
657.7388944625854
 20
-1286.924478530884
 10
656.2041345834732
 20
-1286.6614005565646
 10
654.6491165161133
 20
-1286.4461517333987
 10
653.0738452672957
 20
-1286.2787334918978
 10
651.4783258438109
 20
-1286.1591472625735
 10
649.8625632524489
 20
-1286.0873944759371
 10
648.2265624999999
 20
-1286.0634765625002
 10
646.6125956773757
 20
-1286.087771177292
 10
645.017518043518
 20
-1286.1606502532961
 10
643.4413245916365
 20
-1286.282106637955
 10
641.8840103149414
 20
-1286.4521331787112
 10
640.3455702066422
 20
-1286.6707227230074
 10
638.8259992599487
 20
-1286.9378681182864
 10
637.325292468071
 20
-1287.2535622119906
 10
635.8434448242188
 20
-1287.6177978515627
 10
634.3804513216019
 20
-1288.0305678844454
 10
632.9363069534302
 20
-1288.4918651580813
 10
631.5110067129135
 20
-1289.001682519913
 10
630.1045455932617
 20
-1289.560012817383
 10
628.7169185876845
 20
-1290.1668488979342
 10
627.348120689392
 20
-1290.822183609009
 10
625.9981468915938
 20
-1291.5260097980502
 10
624.6669921874999
 20
-1292.2783203125002
 10
623.362268924713
 20
-1293.0717048645022
 10
622.0915946960448
 20
-1293.897659301758
 10
620.8549723625182
 20
-1294.7561836242678
 10
619.6524047851562
 20
-1295.6472778320315
 10
618.4838948249817
 20
-1296.570941925049
 10
617.3494453430176
 20
-1297.5271759033205
 10
616.2490592002869
 20
-1298.515979766846
 10
615.1827392578125
 20
-1299.5373535156252
 10
614.1504883766174
 20
-1300.5912971496584
 10
613.1523094177246
 20
-1301.6778106689455
 10
612.188205242157
 20
-1302.7968940734866
 10
611.2581787109375
 20
-1303.9485473632815
 10
610.3622326850891
 20
-1305.1327705383303
 10
609.5003700256348
 20
-1306.349563598633
 10
608.6725935935974
 20
-1307.5989265441897
 10
607.87890625
 20
-1308.8808593750002
 10
607.1260324716568
 20
-1310.1899263858797
 10
606.4217882156372
 20
-1311.5192279815676
 10
605.7661656141281
 20
-1312.8687655925753
 10
605.1591567993164
 20
-1314.2385406494143
 10
604.600753903389
 20
-1315.628554582596
 10
604.0909490585327
 20
-1317.038808822632
 10
603.6297343969345
 20
-1318.4693048000338
 10
603.2171020507812
 20
-1319.9200439453127
 10
602.8530441522597
 20
-1321.3910276889803
 10
602.537552833557
 20
-1322.882257461548
 10
602.2706202268599
 20
-1324.3937346935274
 10
602.0522384643554
 20
-1325.92546081543
 10
601.8823996782302
 20
-1327.477437257767
 10
601.7610960006713
 20
-1329.04966545105
 10
601.6883195638655
 20
-1330.6421468257906
 10
601.6640624999999
 20
-1332.2548828125002
 10
601.6883195638655
 20
-1333.8688442707064
 10
601.7610960006713
 20
-1335.4639072418215
 10
601.8823996782302
 20
-1337.040078878403
 10
602.0522384643554
 20
-1338.597366333008
 10
602.2706202268599
 20
-1340.1357767581942
 10
602.537552833557
 20
-1341.6553173065188
 10
602.8530441522597
 20
-1343.1559951305392
 10
603.2171020507812
 20
-1344.6378173828127
 10
603.6297343969345
 20
-1346.1007912158968
 10
604.0909490585327
 20
-1347.5449237823489
 10
604.600753903389
 20
-1348.9702222347262
 10
605.1591567993164
 20
-1350.3766937255862
 10
605.7661656141281
 20
-1351.7643454074862
 10
606.4217882156372
 20
-1353.1331844329836
 10
607.1260324716568
 20
-1354.4832179546358
 10
607.87890625
 20
-1355.8144531250002
 10
608.6725935935974
 20
-1357.1191012859347
 10
609.5003700256348
 20
-1358.3897304534914
 10
610.3622326850891
 20
-1359.6263334751131
 10
611.2581787109375
 20
-1360.8289031982424
 10
612.188205242157
 20
-1361.9974324703219
 10
613.1523094177246
 20
-1363.1319141387942
 10
614.1504883766174
 20
-1364.232341051102
 10
615.1827392578125
 20
-1365.2987060546877
 10
616.2490592002869
 20
-1366.3310019969942
 10
617.3494453430176
 20
-1367.329221725464
 10
618.4838948249817
 20
-1368.29335808754
 10
619.6524047851562
 20
-1369.2234039306643
 10
620.8549723625182
 20
-1370.11935210228
 10
622.0915946960448
 20
-1370.9811954498293
 10
623.362268924713
 20
-1371.8089268207552
 10
624.6669921874999
 20
-1372.6025390625002
 10
625.9981468915938
 20
-1373.355332374573
 10
627.348120689392
 20
-1374.0595169067385
 10
628.7169185876845
 20
-1374.7150983810427
 10
630.1045455932617
 20
-1375.3220825195315
 10
631.5110067129135
 20
-1375.8804750442507
 10
632.9363069534302
 20
-1376.3902816772463
 10
634.3804513216019
 20
-1376.8515081405642
 10
635.8434448242188
 20
-1377.2641601562502
 10
637.325292468071
 20
-1377.6282434463503
 10
638.8259992599487
 20
-1377.9437637329104
 10
640.3455702066422
 20
-1378.2107267379763
 10
641.8840103149414
 20
-1378.429138183594
 10
643.4413245916365
 20
-1378.5990037918093
 10
645.017518043518
 20
-1378.7203292846682
 10
646.6125956773757
 20
-1378.7931203842165
 10
648.2265624999999
 20
-1378.8173828125002
 10
649.8625632524489
 20
-1378.7931203842165
 10
651.4783258438109
 20
-1378.7203292846682
 10
653.0738452672957
 20
-1378.5990037918093
 10
654.6491165161133
 20
-1378.429138183594
  0
LWPOLYLINE
  5
41
330
17
100
AcDbEntity
  8
WORDMARK
100
AcDbPolyline
 90
97
 70
1
 10
641.199951171875
 20
-1358.2962646484377
 10
639.566780090332
 20
-1357.8138370513918
 10
637.98291015625
 20
-1357.2239837646487
 10
636.4482955932617
 20
-1356.5266246795657
 10
634.962890625
 20
-1355.7216796875002
 10
633.5424146652222
 20
-1354.8219051361086
 10
632.203025817871
 20
-1353.8379364013674
 10
630.9447870254515
 20
-1352.769807815552
 10
629.7677612304686
 20
-1351.6175537109377
 10
628.6720113754271
 20
-1350.3812084198
 10
627.6576004028319
 20
-1349.0608062744143
 10
626.724591255188
 20
-1347.656381607056
 10
625.873046875
 20
-1346.1679687500002
 10
625.1118021011353
 20
-1344.6114807128909
 10
624.4521865844727
 20
-1343.0028076171877
 10
623.8941602706909
 20
-1341.3419494628909
 10
623.4376831054688
 20
-1339.6289062500002
 10
623.0827150344849
 20
-1337.8636779785159
 10
622.829216003418
 20
-1336.0462646484377
 10
622.6771459579468
 20
-1334.1766662597659
 10
622.62646484375
 20
-1332.2548828125002
 10
622.6771459579468
 20
-1330.33610534668
 10
622.829216003418
 20
-1328.4754638671877
 10
623.0827150344849
 20
-1326.6728668212893
 10
623.4376831054688
 20
-1324.9282226562502
 10
623.8941602706909
 20
-1323.2414398193362
 10
624.4521865844727
 20
-1321.6124267578127
 10
625.1118021011353
 20
-1320.0410919189455
 10
625.873046875
 20
-1318.5273437500002
 10
626.724591255188
 20
-1317.0829124450686
 10
627.6576004028319
 20
-1315.7166442871096
 10
628.6720113754271
 20
-1314.4285163879397
 10
629.7677612304686
 20
-1313.2185058593752
 10
630.9447870254515
 20
-1312.0865898132326
 10
632.203025817871
 20
-1311.0327453613284
 10
633.5424146652222
 20
-1310.0569496154787
 10
634.962890625
 20
-1309.1591796875002
 10
636.4482955932617
 20
-1308.3550758361819
 10
637.98291015625
 20
-1307.6581115722659
 10
639.566780090332
 20
-1307.0683097839358
 10
641.199951171875
 20
-1306.5856933593752
 10
642.882469177246
 20
-1306.2102851867678
 10
644.6143798828124
 20
-1305.942108154297
 10
646.3957290649413
 20
-1305.7811851501467
 10
648.2265624999999
 20
-1305.7275390625002
 10
650.0986328124999
 20
-1305.7811851501467
 10
651.9128417968749
 20
-1305.942108154297
 10
653.6691894531249
 20
-1306.2102851867678
 10
655.3676757812499
 20
-1306.5856933593752
 10
657.0083007812499
 20
-1307.0683097839358
 10
658.5910644531249
 20
-1307.6581115722659
 10
660.115966796875
 20
-1308.3550758361819
 10
661.5830078125
 20
-1309.1591796875002
 10
662.9823341369629
 20
-1310.0569496154787
 10
664.3066101074219
 20
-1311.0327453613284
 10
665.5557670593262
 20
-1312.0865898132326
 10
666.729736328125
 20
-1313.2185058593752
 10
667.8284492492676
 20
-1314.4285163879397
 10
668.8518371582031
 20
-1315.7166442871096
 10
669.7998313903809
 20
-1317.0829124450686
 10
670.67236328125
 20
-1318.5273437500002
 10
671.4549779891968
 20
-1320.0410919189455
 10
672.1332626342773
 20
-1321.6124267578127
 10
672.7072114944458
 20
-1323.2414398193362
 10
673.1768188476562
 20
-1324.9282226562502
 10
673.5420789718627
 20
-1326.6728668212893
 10
673.8029861450194
 20
-1328.4754638671877
 10
673.9595346450805
 20
-1330.33610534668
 10
674.0117187499999
 20
-1332.2548828125002
 10
673.9609174728392
 20
-1334.1766662597659
 10
673.8085556030272
 20
-1336.0462646484377
 10
673.5546960830687
 20
-1337.8636779785159
 10
673.1994018554688
 20
-1339.6289062500002
 10
672.7427358627319
 20
-1341.3419494628909
 10
672.1847610473633
 20
-1343.0028076171877
 10
671.5255403518677
 20
-1344.6114807128909
 10
670.76513671875
 20
-1346.1679687500002
 10
669.9127511978149
 20
-1347.656381607056
 10
668.9793472290039
 20
-1349.0608062744143
 10
667.9648847579956
 20
-1350.3812084198
 10
666.8693237304688
 20
-1351.6175537109377
 10
665.692624092102
 20
-1352.769807815552
 10
664.4347457885742
 20
-1353.8379364013674
 10
663.095648765564
 20
-1354.8219051361086
 10
661.67529296875
 20
-1355.7216796875002
 10
660.1869029998779
 20
-1356.5266246795657
 10
658.6433868408202
 20
-1357.2239837646487
 10
657.0447788238524
 20
-1357.8138370513918
 10
655.3911132812499
 20
-1358.2962646484377
 10
653.682424545288
 20
-1358.671346664429
 10
651.9187469482421
 20
-1358.939163208008
 10
650.1001148223876
 20
-1359.0997943878176
 10
648.2265624999999
 20
-1359.1533203125002
 10
646.3957290649413
 20
-1359.0997943878176
 10
644.6143798828124
 20
-1358.939163208008
 10
642.882469177246
 20
-1358.671346664429
 10
641.199951171875
 20
-1358.2962646484377
  0
HATCH
  5
42
330
17
100
AcDbEntity
  8
WORDMARK
 62
7
420
1446687
100
AcDbHatch
 10
0.0
 20
0.0
 30
0.0
210
0.0
220
0.0
230
1.0
  2
SOLID
 70
1
 71
0
 91
1
 92
3
 72
0
 73
1
 93
7
 10
817.7353515624999
 20
-1287.9189453125002
 10
793.2684219066739
 20
-1344.8630349705336
 10
768.94677734375
 20
-1287.9189453125002
 10
746.3154296874999
 20
-1287.9189453125002
 10
786.9409179687499
 20
-1376.9619140625002
 10
798.8134765624999
 20
-1376.9619140625002
 10
839.4394531249999
 20
-1287.9189453125002
 97
0
 75
0
 76
1
 98
0
  0
LWPOLYLINE
  5
43
330
17
100
AcDbEntity
  8
WORDMARK
100
AcDbPolyline
 90
8
 70
1
 10
817.7353515624999
 20
-1287.9189453125002
 10
793.2684219066739
 20
-1344.8630349705336
 10
768.94677734375
 20
-1287.9189453125002
 10
746.3154296874999
 20
-1287.9189453125002
 10
786.9409179687499
 20
-1376.9619140625002
 10
798.8134765624999
 20
-1376.9619140625002
 10
839.4394531249999
 20
-1287.9189453125002
 10
817.7353515624999
 20
-1287.9189453125002
  0
HATCH
  5
44
330
17
100
AcDbEntity
  8
WORDMARK
 62
7
420
1446687
100
AcDbHatch
 10
0.0
 20
0.0
 30
0.0
210
0.0
220
0.0
230
1.0
  2
SOLID
 70
1
 71
0
 91
2
 92
3
 72
0
 73
1
 93
192
 10
895.7643508911132
 20
-1378.429138183594
 10
897.3193689584731
 20
-1378.2107267379763
 10
898.8541288375853
 20
-1377.9437637329104
 10
900.3686255216597
 20
-1377.6282434463503
 10
901.8628540039062
 20
-1377.2641601562502
 10
903.3368092775345
 20
-1376.8515081405642
 10
904.7904863357544
 20
-1376.3902816772463
 10
906.2238801717758
 20
-1375.8804750442507
 10
907.6369857788086
 20
-1375.3220825195315
 10
909.0297981500626
 20
-1374.7150983810427
 10
910.4023122787476
 20
-1374.0595169067385
 10
911.7545231580734
 20
-1373.355332374573
 10
913.08642578125
 20
-1372.6025390625002
 10
914.3911222219467
 20
-1371.8089268207552
 10
915.6617231369019
 20
-1370.9811954498293
 10
916.8982363939285
 20
-1370.11935210228
 10
918.1006698608397
 20
-1369.2234039306643
 10
919.2690314054488
 20
-1368.29335808754
 10
920.4033288955687
 20
-1367.329221725464
 10
921.5035701990126
 20
-1366.3310019969942
 10
922.5697631835936
 20
-1365.2987060546877
 10
923.6019157171248
 20
-1364.232341051102
 10
924.6000356674193
 20
-1363.1319141387942
 10
925.5641309022902
 20
-1361.9974324703219
 10
926.4942092895507
 20
-1360.8289031982424
 10
927.3902786970139
 20
-1359.6263334751131
 10
928.2523469924927
 20
-1358.3897304534914
 10
929.0804220438004
 20
-1357.1191012859347
 10
929.87451171875
 20
-1355.8144531250002
 10
930.6269026994705
 20
-1354.4832179546358
 10
931.3307886123657
 20
-1353.1331844329836
 10
931.9861644506454
 20
-1351.7643454074862
 10
932.5930252075195
 20
-1350.3766937255862
 10
933.1513658761978
 20
-1348.9702222347262
 10
933.6611814498901
 20
-1347.5449237823489
 10
934.1224669218063
 20
-1346.1007912158968
 10
934.5352172851562
 20
-1344.6378173828127
 10
934.8994275331497
 20
-1343.1559951305392
 10
935.2150926589966
 20
-1341.6553173065188
 10
935.4822076559066
 20
-1340.1357767581942
 10
935.7007675170897
 20
-1338.597366333008
 10
935.8707672357558
 20
-1337.040078878403
 10
935.9922018051146
 20
-1335.4639072418215
 10
936.065066218376
 20
-1333.8688442707064
 10
936.0893554687499
 20
-1332.2548828125002
 10
936.065066218376
 20
-1330.6417701244357
 10
935.9922018051146
 20
-1329.0481624603274
 10
935.8707672357558
 20
-1327.4740641117098
 10
935.7007675170897
 20
-1325.9194793701174
 10
935.4822076559066
 20
-1324.3844125270846
 10
935.2150926589966
 20
-1322.8688678741457
 10
934.8994275331497
 20
-1321.3728497028353
 10
934.5352172851562
 20
-1319.8963623046877
 10
934.1224669218063
 20
-1318.4394099712374
 10
933.6611814498901
 20
-1317.0019969940188
 10
933.1513658761978
 20
-1315.5841276645663
 10
932.5930252075195
 20
-1314.1858062744143
 10
931.9861644506454
 20
-1312.8070371150973
 10
931.3307886123657
 20
-1311.4478244781496
 10
930.6269026994705
 20
-1310.1081726551058
 10
929.87451171875
 20
-1308.7880859375002
 10
929.0804220438004
 20
-1307.4953169822695
 10
928.2523469924927
 20
-1306.2365226745608
 10
927.3902786970139
 20
-1305.0117115974429
 10
926.4942092895507
 20
-1303.8208923339846
 10
925.5641309022902
 20
-1302.6640734672549
 10
924.6000356674193
 20
-1301.5412635803225
 10
923.6019157171248
 20
-1300.4524712562563
 10
922.5697631835936
 20
-1299.3977050781252
 10
921.5035701990126
 20
-1298.376973628998
 10
920.4033288955687
 20
-1297.3902854919436
 10
919.2690314054488
 20
-1296.4376492500307
 10
918.1006698608397
 20
-1295.5190734863284
 10
916.8982363939285
 20
-1294.6345667839053
 10
915.6617231369019
 20
-1293.7841377258303
 10
914.3911222219467
 20
-1292.9677948951723
 10
913.08642578125
 20
-1292.1855468750002
 10
911.7545231580734
 20
-1291.4442560672762
 10
910.4023122787476
 20
-1290.750780105591
 10
909.0297981500626
 20
-1290.1051204204562
 10
907.6369857788086
 20
-1289.507278442383
 10
906.2238801717758
 20
-1288.9572556018832
 10
904.7904863357544
 20
-1288.455053329468
 10
903.3368092775345
 20
-1288.000673055649
 10
901.8628540039062
 20
-1287.5941162109377
 10
900.3686255216597
 20
-1287.2353842258456
 10
898.8541288375853
 20
-1286.924478530884
 10
897.3193689584731
 20
-1286.6614005565646
 10
895.7643508911132
 20
-1286.4461517333987
 10
894.1890796422957
 20
-1286.2787334918978
 10
892.5935602188109
 20
-1286.1591472625735
 10
890.9777976274489
 20
-1286.0873944759371
 10
889.3417968749999
 20
-1286.0634765625002
 10
887.7278300523757
 20
-1286.087771177292
 10
886.132752418518
 20
-1286.1606502532961
 10
884.5565589666365
 20
-1286.282106637955
 10
882.9992446899413
 20
-1286.4521331787112
 10
881.460804581642
 20
-1286.6707227230074
 10
879.9412336349486
 20
-1286.9378681182864
 10
878.4405268430709
 20
-1287.2535622119906
 10
876.9586791992186
 20
-1287.6177978515627
 10
875.4956856966018
 20
-1288.0305678844454
 10
874.0515413284301
 20
-1288.4918651580813
 10
872.6262410879134
 20
-1289.001682519913
 10
871.2197799682616
 20
-1289.560012817383
 10
869.8321529626845
 20
-1290.1668488979342
 10
868.463355064392
 20
-1290.822183609009
 10
867.1133812665938
 20
-1291.5260097980502
 10
865.7822265624999
 20
-1292.2783203125002
 10
864.477503299713
 20
-1293.0717048645022
 10
863.2068290710448
 20
-1293.897659301758
 10
861.9702067375182
 20
-1294.7561836242678
 10
860.7676391601562
 20
-1295.6472778320315
 10
859.5991291999817
 20
-1296.570941925049
 10
858.4646797180176
 20
-1297.5271759033205
 10
857.3642935752869
 20
-1298.515979766846
 10
856.2979736328125
 20
-1299.5373535156252
 10
855.2657227516174
 20
-1300.5912971496584
 10
854.2675437927246
 20
-1301.6778106689455
 10
853.303439617157
 20
-1302.7968940734866
 10
852.3734130859375
 20
-1303.9485473632815
 10
851.4774670600891
 20
-1305.1327705383303
 10
850.6156044006348
 20
-1306.349563598633
 10
849.7878279685974
 20
-1307.5989265441897
 10
848.994140625
 20
-1308.8808593750002
 10
848.2412668466568
 20
-1310.1899263858797
 10
847.5370225906372
 20
-1311.5192279815676
 10
846.8813999891281
 20
-1312.8687655925753
 10
846.2743911743164
 20
-1314.2385406494143
 10
845.715988278389
 20
-1315.628554582596
 10
845.2061834335327
 20
-1317.038808822632
 10
844.7449687719345
 20
-1318.4693048000338
 10
844.3323364257812
 20
-1319.9200439453127
 10
843.9682785272598
 20
-1321.3910276889803
 10
843.6527872085571
 20
-1322.882257461548
 10
843.38585460186
 20
-1324.3937346935274
 10
843.1674728393555
 20
-1325.92546081543
 10
842.9976340532303
 20
-1327.477437257767
 10
842.8763303756714
 20
-1329.04966545105
 10
842.8035539388657
 20
-1330.6421468257906
 10
842.779296875
 20
-1332.2548828125002
 10
842.8035539388657
 20
-1333.8688442707064
 10
842.8763303756714
 20
-1335.4639072418215
 10
842.9976340532303
 20
-1337.040078878403
 10
843.1674728393555
 20
-1338.597366333008
 10
843.38585460186
 20
-1340.1357767581942
 10
843.6527872085571
 20
-1341.6553173065188
 10
843.9682785272598
 20
-1343.1559951305392
 10
844.3323364257812
 20
-1344.6378173828127
 10
844.7449687719345
 20
-1346.1007912158968
 10
845.2061834335327
 20
-1347.5449237823489
 10
845.715988278389
 20
-1348.9702222347262
 10
846.2743911743164
 20
-1350.3766937255862
 10
846.8813999891281
 20
-1351.7643454074862
 10
847.5370225906372
 20
-1353.1331844329836
 10
848.2412668466568
 20
-1354.4832179546358
 10
848.994140625
 20
-1355.8144531250002
 10
849.7878279685974
 20
-1357.1191012859347
 10
850.6156044006348
 20
-1358.3897304534914
 10
851.4774670600891
 20
-1359.6263334751131
 10
852.3734130859375
 20
-1360.8289031982424
 10
853.303439617157
 20
-1361.9974324703219
 10
854.2675437927246
 20
-1363.1319141387942
 10
855.2657227516174
 20
-1364.232341051102
 10
856.2979736328125
 20
-1365.2987060546877
 10
857.3642935752869
 20
-1366.3310019969942
 10
858.4646797180176
 20
-1367.329221725464
 10
859.5991291999817
 20
-1368.29335808754
 10
860.7676391601562
 20
-1369.2234039306643
 10
861.9702067375182
 20
-1370.11935210228
 10
863.2068290710448
 20
-1370.9811954498293
 10
864.477503299713
 20
-1371.8089268207552
 10
865.7822265624999
 20
-1372.6025390625002
 10
867.1133812665938
 20
-1373.355332374573
 10
868.463355064392
 20
-1374.0595169067385
 10
869.8321529626845
 20
-1374.7150983810427
 10
871.2197799682616
 20
-1375.3220825195315
 10
872.6262410879134
 20
-1375.8804750442507
 10
874.0515413284301
 20
-1376.3902816772463
 10
875.4956856966018
 20
-1376.8515081405642
 10
876.9586791992186
 20
-1377.2641601562502
 10
878.4405268430709
 20
-1377.6282434463503
 10
879.9412336349486
 20
-1377.9437637329104
 10
881.460804581642
 20
-1378.2107267379763
 10
882.9992446899413
 20
-1378.429138183594
 10
884.5565589666365
 20
-1378.5990037918093
 10
886.132752418518
 20
-1378.7203292846682
 10
887.7278300523757
 20
-1378.7931203842165
 10
889.3417968749999
 20
-1378.8173828125002
 10
890.9777976274489
 20
-1378.7931203842165
 10
892.5935602188109
 20
-1378.7203292846682
 10
894.1890796422957
 20
-1378.5990037918093
 97
0
 92
2
 72
0
 73
1
 93
96
 10
882.3151855468749
 20
-1358.2962646484377
 10
880.6820144653319
 20
-1357.8138370513918
 10
879.0981445312499
 20
-1357.2239837646487
 10
877.5635299682617
 20
-1356.5266246795657
 10
876.078125
 20
-1355.7216796875002
 10
874.6576490402222
 20
-1354.8219051361086
 10
873.318260192871
 20
-1353.8379364013674
 10
872.0600214004515
 20
-1352.769807815552
 10
870.8829956054686
 20
-1351.6175537109377
 10
869.7872457504271
 20
-1350.3812084198
 10
868.7728347778319
 20
-1349.0608062744143
 10
867.839825630188
 20
-1347.656381607056
 10
866.98828125
 20
-1346.1679687500002
 10
866.2270364761353
 20
-1344.6114807128909
 10
865.5674209594727
 20
-1343.0028076171877
 10
865.0093946456909
 20
-1341.3419494628909
 10
864.5529174804688
 20
-1339.6289062500002
 10
864.1979494094847
 20
-1337.8636779785159
 10
863.9444503784179
 20
-1336.0462646484377
 10
863.7923803329467
 20
-1334.1766662597659
 10
863.7416992187499
 20
-1332.2548828125002
 10
863.7923803329467
 20
-1330.33610534668
 10
863.9444503784179
 20
-1328.4754638671877
 10
864.1979494094847
 20
-1326.6728668212893
 10
864.5529174804688
 20
-1324.9282226562502
 10
865.0093946456909
 20
-1323.2414398193362
 10
865.5674209594727
 20
-1321.6124267578127
 10
866.2270364761353
 20
-1320.0410919189455
 10
866.98828125
 20
-1318.5273437500002
 10
867.839825630188
 20
-1317.0829124450686
 10
868.7728347778319
 20
-1315.7166442871096
 10
869.7872457504271
 20
-1314.4285163879397
 10
870.8829956054686
 20
-1313.2185058593752
 10
872.0600214004515
 20
-1312.0865898132326
 10
873.318260192871
 20
-1311.0327453613284
 10
874.6576490402222
 20
-1310.0569496154787
 10
876.078125
 20
-1309.1591796875002
 10
877.5635299682617
 20
-1308.3550758361819
 10
879.0981445312499
 20
-1307.6581115722659
 10
880.6820144653319
 20
-1307.0683097839358
 10
882.3151855468749
 20
-1306.5856933593752
 10
883.997703552246
 20
-1306.2102851867678
 10
885.7296142578124
 20
-1305.942108154297
 10
887.5109634399413
 20
-1305.7811851501467
 10
889.3417968749999
 20
-1305.7275390625002
 10
891.2138671874999
 20
-1305.7811851501467
 10
893.0280761718749
 20
-1305.942108154297
 10
894.7844238281249
 20
-1306.2102851867678
 10
896.4829101562499
 20
-1306.5856933593752
 10
898.1235351562499
 20
-1307.0683097839358
 10
899.7062988281249
 20
-1307.6581115722659
 10
901.231201171875
 20
-1308.3550758361819
 10
902.6982421875
 20
-1309.1591796875002
 10
904.0975685119629
 20
-1310.0569496154787
 10
905.4218444824219
 20
-1311.0327453613284
 10
906.6710014343262
 20
-1312.0865898132326
 10
907.844970703125
 20
-1313.2185058593752
 10
908.9436836242676
 20
-1314.4285163879397
 10
909.9670715332031
 20
-1315.7166442871096
 10
910.915065765381
 20
-1317.0829124450686
 10
911.7875976562501
 20
-1318.5273437500002
 10
912.5702123641968
 20
-1320.0410919189455
 10
913.2484970092773
 20
-1321.6124267578127
 10
913.8224458694458
 20
-1323.2414398193362
 10
914.2920532226562
 20
-1324.9282226562502
 10
914.6573133468628
 20
-1326.6728668212893
 10
914.9182205200195
 20
-1328.4754638671877
 10
915.0747690200806
 20
-1330.33610534668
 10
915.126953125
 20
-1332.2548828125002
 10
915.0761518478394
 20
-1334.1766662597659
 10
914.9237899780273
 20
-1336.0462646484377
 10
914.6699304580688
 20
-1337.8636779785159
 10
914.3146362304688
 20
-1339.6289062500002
 10
913.8579702377319
 20
-1341.3419494628909
 10
913.2999954223633
 20
-1343.0028076171877
 10
912.6407747268677
 20
-1344.6114807128909
 10
911.88037109375
 20
-1346.1679687500002
 10
911.0279855728149
 20
-1347.656381607056
 10
910.0945816040039
 20
-1349.0608062744143
 10
909.0801191329956
 20
-1350.3812084198
 10
907.9845581054688
 20
-1351.6175537109377
 10
906.807858467102
 20
-1352.769807815552
 10
905.5499801635742
 20
-1353.8379364013674
 10
904.210883140564
 20
-1354.8219051361086
 10
902.79052734375
 20
-1355.7216796875002
 10
901.3021373748779
 20
-1356.5266246795657
 10
899.7586212158203
 20
-1357.2239837646487
 10
898.1600131988525
 20
-1357.8138370513918
 10
896.50634765625
 20
-1358.2962646484377
 10
894.797658920288
 20
-1358.671346664429
 10
893.0339813232421
 20
-1358.939163208008
 10
891.2153491973876
 20
-1359.0997943878176
 10
889.3417968749999
 20
-1359.1533203125002
 10
887.5109634399413
 20
-1359.0997943878176
 10
885.7296142578124
 20
-1358.939163208008
 10
883.997703552246
 20
-1358.671346664429
 97
0
 75
0
 76
1
 98
0
  0
LWPOLYLINE
  5
45
330
17
100
AcDbEntity
  8
WORDMARK
100
AcDbPolyline
 90
193
 70
1
 10
895.7643508911132
 20
-1378.429138183594
 10
897.3193689584731
 20
-1378.2107267379763
 10
898.8541288375853
 20
-1377.9437637329104
 10
900.3686255216597
 20
-1377.6282434463503
 10
901.8628540039062
 20
-1377.2641601562502
 10
903.3368092775345
 20
-1376.8515081405642
 10
904.7904863357544
 20
-1376.3902816772463
 10
906.2238801717758
 20
-1375.8804750442507
 10
907.6369857788086
 20
-1375.3220825195315
 10
909.0297981500626
 20
-1374.7150983810427
 10
910.4023122787476
 20
-1374.0595169067385
 10
911.7545231580734
 20
-1373.355332374573
 10
913.08642578125
 20
-1372.6025390625002
 10
914.3911222219467
 20
-1371.8089268207552
 10
915.6617231369019
 20
-1370.9811954498293
 10
916.8982363939285
 20
-1370.11935210228
 10
918.1006698608397
 20
-1369.2234039306643
 10
919.2690314054488
 20
-1368.29335808754
 10
920.4033288955687
 20
-1367.329221725464
 10
921.5035701990126
 20
-1366.3310019969942
 10
922.5697631835936
 20
-1365.2987060546877
 10
923.6019157171248
 20
-1364.232341051102
 10
924.6000356674193
 20
-1363.1319141387942
 10
925.5641309022902
 20
-1361.9974324703219
 10
926.4942092895507
 20
-1360.8289031982424
 10
927.3902786970139
 20
-1359.6263334751131
 10
928.2523469924927
 20
-1358.3897304534914
 10
929.0804220438004
 20
-1357.1191012859347
 10
929.87451171875
 20
-1355.8144531250002
 10
930.6269026994705
 20
-1354.4832179546358
 10
931.3307886123657
 20
-1353.1331844329836
 10
931.9861644506454
 20
-1351.7643454074862
 10
932.5930252075195
 20
-1350.3766937255862
 10
933.1513658761978
 20
-1348.9702222347262
 10
933.6611814498901
 20
-1347.5449237823489
 10
934.1224669218063
 20
-1346.1007912158968
 10
934.5352172851562
 20
-1344.6378173828127
 10
934.8994275331497
 20
-1343.1559951305392
 10
935.2150926589966
 20
-1341.6553173065188
 10
935.4822076559066
 20
-1340.1357767581942
 10
935.7007675170897
 20
-1338.597366333008
 10
935.8707672357558
 20
-1337.040078878403
 10
935.9922018051146
 20
-1335.4639072418215
 10
936.065066218376
 20
-1333.8688442707064
 10
936.0893554687499
 20
-1332.2548828125002
 10
936.065066218376
 20
-1330.6417701244357
 10
935.9922018051146
 20
-1329.0481624603274
 10
935.8707672357558
 20
-1327.4740641117098
 10
935.7007675170897
 20
-1325.9194793701174
 10
935.4822076559066
 20
-1324.3844125270846
 10
935.2150926589966
 20
-1322.8688678741457
 10
934.8994275331497
 20
-1321.3728497028353
 10
934.5352172851562
 20
-1319.8963623046877
 10
934.1224669218063
 20
-1318.4394099712374
 10
933.6611814498901
 20
-1317.0019969940188
 10
933.1513658761978
 20
-1315.5841276645663
 10
932.5930252075195
 20
-1314.1858062744143
 10
931.9861644506454
 20
-1312.8070371150973
 10
931.3307886123657
 20
-1311.4478244781496
 10
930.6269026994705
 20
-1310.1081726551058
 10
929.87451171875
 20
-1308.7880859375002
 10
929.0804220438004
 20
-1307.4953169822695
 10
928.2523469924927
 20
-1306.2365226745608
 10
927.3902786970139
 20
-1305.0117115974429
 10
926.4942092895507
 20
-1303.8208923339846
 10
925.5641309022902
 20
-1302.6640734672549
 10
924.6000356674193
 20
-1301.5412635803225
 10
923.6019157171248
 20
-1300.4524712562563
 10
922.5697631835936
 20
-1299.3977050781252
 10
921.5035701990126
 20
-1298.376973628998
 10
920.4033288955687
 20
-1297.3902854919436
 10
919.2690314054488
 20
-1296.4376492500307
 10
918.1006698608397
 20
-1295.5190734863284
 10
916.8982363939285
 20
-1294.6345667839053
 10
915.6617231369019
 20
-1293.7841377258303
 10
914.3911222219467
 20
-1292.9677948951723
 10
913.08642578125
 20
-1292.1855468750002
 10
911.7545231580734
 20
-1291.4442560672762
 10
910.4023122787476
 20
-1290.750780105591
 10
909.0297981500626
 20
-1290.1051204204562
 10
907.6369857788086
 20
-1289.507278442383
 10
906.2238801717758
 20
-1288.9572556018832
 10
904.7904863357544
 20
-1288.455053329468
 10
903.3368092775345
 20
-1288.000673055649
 10
901.8628540039062
 20
-1287.5941162109377
 10
900.3686255216597
 20
-1287.2353842258456
 10
898.8541288375853
 20
-1286.924478530884
 10
897.3193689584731
 20
-1286.6614005565646
 10
895.7643508911132
 20
-1286.4461517333987
 10
894.1890796422957
 20
-1286.2787334918978
 10
892.5935602188109
 20
-1286.1591472625735
 10
890.9777976274489
 20
-1286.0873944759371
 10
889.3417968749999
 20
-1286.0634765625002
 10
887.7278300523757
 20
-1286.087771177292
 10
886.132752418518
 20
-1286.1606502532961
 10
884.5565589666365
 20
-1286.282106637955
 10
882.9992446899413
 20
-1286.4521331787112
 10
881.460804581642
 20
-1286.6707227230074
 10
879.9412336349486
 20
-1286.9378681182864
 10
878.4405268430709
 20
-1287.2535622119906
 10
876.9586791992186
 20
-1287.6177978515627
 10
875.4956856966018
 20
-1288.0305678844454
 10
874.0515413284301
 20
-1288.4918651580813
 10
872.6262410879134
 20
-1289.001682519913
 10
871.2197799682616
 20
-1289.560012817383
 10
869.8321529626845
 20
-1290.1668488979342
 10
868.463355064392
 20
-1290.822183609009
 10
867.1133812665938
 20
-1291.5260097980502
 10
865.7822265624999
 20
-1292.2783203125002
 10
864.477503299713
 20
-1293.0717048645022
 10
863.2068290710448
 20
-1293.897659301758
 10
861.9702067375182
 20
-1294.7561836242678
 10
860.7676391601562
 20
-1295.6472778320315
 10
859.5991291999817
 20
-1296.570941925049
 10
858.4646797180176
 20
-1297.5271759033205
 10
857.3642935752869
 20
-1298.515979766846
 10
856.2979736328125
 20
-1299.5373535156252
 10
855.2657227516174
 20
-1300.5912971496584
 10
854.2675437927246
 20
-1301.6778106689455
 10
853.303439617157
 20
-1302.7968940734866
 10
852.3734130859375
 20
-1303.9485473632815
 10
851.4774670600891
 20
-1305.1327705383303
 10
850.6156044006348
 20
-1306.349563598633
 10
849.7878279685974
 20
-1307.5989265441897
 10
848.994140625
 20
-1308.8808593750002
 10
848.2412668466568
 20
-1310.1899263858797
 10
847.5370225906372
 20
-1311.5192279815676
 10
846.8813999891281
 20
-1312.8687655925753
 10
846.2743911743164
 20
-1314.2385406494143
 10
845.715988278389
 20
-1315.628554582596
 10
845.2061834335327
 20
-1317.038808822632
 10
844.7449687719345
 20
-1318.4693048000338
 10
844.3323364257812
 20
-1319.9200439453127
 10
843.9682785272598
 20
-1321.3910276889803
 10
843.6527872085571
 20
-1322.882257461548
 10
843.38585460186
 20
-1324.3937346935274
 10
843.1674728393555
 20
-1325.92546081543
 10
842.9976340532303
 20
-1327.477437257767
 10
842.8763303756714
 20
-1329.04966545105
 10
842.8035539388657
 20
-1330.6421468257906
 10
842.779296875
 20
-1332.2548828125002
 10
842.8035539388657
 20
-1333.8688442707064
 10
842.8763303756714
 20
-1335.4639072418215
 10
842.9976340532303
 20
-1337.040078878403
 10
843.1674728393555
 20
-1338.597366333008
 10
843.38585460186
 20
-1340.1357767581942
 10
843.6527872085571
 20
-1341.6553173065188
 10
843.9682785272598
 20
-1343.1559951305392
 10
844.3323364257812
 20
-1344.6378173828127
 10
844.7449687719345
 20
-1346.1007912158968
 10
845.2061834335327
 20
-1347.5449237823489
 10
845.715988278389
 20
-1348.9702222347262
 10
846.2743911743164
 20
-1350.3766937255862
 10
846.8813999891281
 20
-1351.7643454074862
 10
847.5370225906372
 20
-1353.1331844329836
 10
848.2412668466568
 20
-1354.4832179546358
 10
848.994140625
 20
-1355.8144531250002
 10
849.7878279685974
 20
-1357.1191012859347
 10
850.6156044006348
 20
-1358.3897304534914
 10
851.4774670600891
 20
-1359.6263334751131
 10
852.3734130859375
 20
-1360.8289031982424
 10
853.303439617157
 20
-1361.9974324703219
 10
854.2675437927246
 20
-1363.1319141387942
 10
855.2657227516174
 20
-1364.232341051102
 10
856.2979736328125
 20
-1365.2987060546877
 10
857.3642935752869
 20
-1366.3310019969942
 10
858.4646797180176
 20
-1367.329221725464
 10
859.5991291999817
 20
-1368.29335808754
 10
860.7676391601562
 20
-1369.2234039306643
 10
861.9702067375182
 20
-1370.11935210228
 10
863.2068290710448
 20
-1370.9811954498293
 10
864.477503299713
 20
-1371.8089268207552
 10
865.7822265624999
 20
-1372.6025390625002
 10
867.1133812665938
 20
-1373.355332374573
 10
868.463355064392
 20
-1374.0595169067385
 10
869.8321529626845
 20
-1374.7150983810427
 10
871.2197799682616
 20
-1375.3220825195315
 10
872.6262410879134
 20
-1375.8804750442507
 10
874.0515413284301
 20
-1376.3902816772463
 10
875.4956856966018
 20
-1376.8515081405642
 10
876.9586791992186
 20
-1377.2641601562502
 10
878.4405268430709
 20
-1377.6282434463503
 10
879.9412336349486
 20
-1377.9437637329104
 10
881.460804581642
 20
-1378.2107267379763
 10
882.9992446899413
 20
-1378.429138183594
 10
884.5565589666365
 20
-1378.5990037918093
 10
886.132752418518
 20
-1378.7203292846682
 10
887.7278300523757
 20
-1378.7931203842165
 10
889.3417968749999
 20
-1378.8173828125002
 10
890.9777976274489
 20
-1378.7931203842165
 10
892.5935602188109
 20
-1378.7203292846682
 10
894.1890796422957
 20
-1378.5990037918093
 10
895.7643508911132
 20
-1378.429138183594
  0
LWPOLYLINE
  5
46
330
17
100
AcDbEntity
  8
WORDMARK
100
AcDbPolyline
 90
97
 70
1
 10
882.3151855468749
 20
-1358.2962646484377
 10
880.6820144653319
 20
-1357.8138370513918
 10
879.0981445312499
 20
-1357.2239837646487
 10
877.5635299682617
 20
-1356.5266246795657
 10
876.078125
 20
-1355.7216796875002
 10
874.6576490402222
 20
-1354.8219051361086
 10
873.318260192871
 20
-1353.8379364013674
 10
872.0600214004515
 20
-1352.769807815552
 10
870.8829956054686
 20
-1351.6175537109377
 10
869.7872457504271
 20
-1350.3812084198
 10
868.7728347778319
 20
-1349.0608062744143
 10
867.839825630188
 20
-1347.656381607056
 10
866.98828125
 20
-1346.1679687500002
 10
866.2270364761353
 20
-1344.6114807128909
 10
865.5674209594727
 20
-1343.0028076171877
 10
865.0093946456909
 20
-1341.3419494628909
 10
864.5529174804688
 20
-1339.6289062500002
 10
864.1979494094847
 20
-1337.8636779785159
 10
863.9444503784179
 20
-1336.0462646484377
 10
863.7923803329467
 20
-1334.1766662597659
 10
863.7416992187499
 20
-1332.2548828125002
 10
863.7923803329467
 20
-1330.33610534668
 10
863.9444503784179
 20
-1328.4754638671877
 10
864.1979494094847
 20
-1326.6728668212893
 10
864.5529174804688
 20
-1324.9282226562502
 10
865.0093946456909
 20
-1323.2414398193362
 10
865.5674209594727
 20
-1321.6124267578127
 10
866.2270364761353
 20
-1320.0410919189455
 10
866.98828125
 20
-1318.5273437500002
 10
867.839825630188
 20
-1317.0829124450686
 10
868.7728347778319
 20
-1315.7166442871096
 10
869.7872457504271
 20
-1314.4285163879397
 10
870.8829956054686
 20
-1313.2185058593752
 10
872.0600214004515
 20
-1312.0865898132326
 10
873.318260192871
 20
-1311.0327453613284
 10
874.6576490402222
 20
-1310.0569496154787
 10
876.078125
 20
-1309.1591796875002
 10
877.5635299682617
 20
-1308.3550758361819
 10
879.0981445312499
 20
-1307.6581115722659
 10
880.6820144653319
 20
-1307.0683097839358
 10
882.3151855468749
 20
-1306.5856933593752
 10
883.997703552246
 20
-1306.2102851867678
 10
885.7296142578124
 20
-1305.942108154297
 10
887.5109634399413
 20
-1305.7811851501467
 10
889.3417968749999
 20
-1305.7275390625002
 10
891.2138671874999
 20
-1305.7811851501467
 10
893.0280761718749
 20
-1305.942108154297
 10
894.7844238281249
 20
-1306.2102851867678
 10
896.4829101562499
 20
-1306.5856933593752
 10
898.1235351562499
 20
-1307.0683097839358
 10
899.7062988281249
 20
-1307.6581115722659
 10
901.231201171875
 20
-1308.3550758361819
 10
902.6982421875
 20
-1309.1591796875002
 10
904.0975685119629
 20
-1310.0569496154787
 10
905.4218444824219
 20
-1311.0327453613284
 10
906.6710014343262
 20
-1312.0865898132326
 10
907.844970703125
 20
-1313.2185058593752
 10
908.9436836242676
 20
-1314.4285163879397
 10
909.9670715332031
 20
-1315.7166442871096
 10
910.915065765381
 20
-1317.0829124450686
 10
911.7875976562501
 20
-1318.5273437500002
 10
912.5702123641968
 20
-1320.0410919189455
 10
913.2484970092773
 20
-1321.6124267578127
 10
913.8224458694458
 20
-1323.2414398193362
 10
914.2920532226562
 20
-1324.9282226562502
 10
914.6573133468628
 20
-1326.6728668212893
 10
914.9182205200195
 20
-1328.4754638671877
 10
915.0747690200806
 20
-1330.33610534668
 10
915.126953125
 20
-1332.2548828125002
 10
915.0761518478394
 20
-1334.1766662597659
 10
914.9237899780273
 20
-1336.0462646484377
 10
914.6699304580688
 20
-1337.8636779785159
 10
914.3146362304688
 20
-1339.6289062500002
 10
913.8579702377319
 20
-1341.3419494628909
 10
913.2999954223633
 20
-1343.0028076171877
 10
912.6407747268677
 20
-1344.6114807128909
 10
911.88037109375
 20
-1346.1679687500002
 10
911.0279855728149
 20
-1347.656381607056
 10
910.0945816040039
 20
-1349.0608062744143
 10
909.0801191329956
 20
-1350.3812084198
 10
907.9845581054688
 20
-1351.6175537109377
 10
906.807858467102
 20
-1352.769807815552
 10
905.5499801635742
 20
-1353.8379364013674
 10
904.210883140564
 20
-1354.8219051361086
 10
902.79052734375
 20
-1355.7216796875002
 10
901.3021373748779
 20
-1356.5266246795657
 10
899.7586212158203
 20
-1357.2239837646487
 10
898.1600131988525
 20
-1357.8138370513918
 10
896.50634765625
 20
-1358.2962646484377
 10
894.797658920288
 20
-1358.671346664429
 10
893.0339813232421
 20
-1358.939163208008
 10
891.2153491973876
 20
-1359.0997943878176
 10
889.3417968749999
 20
-1359.1533203125002
 10
887.5109634399413
 20
-1359.0997943878176
 10
885.7296142578124
 20
-1358.939163208008
 10
883.997703552246
 20
-1358.671346664429
 10
882.3151855468749
 20
-1358.2962646484377
  0
HATCH
  5
47
330
17
100
AcDbEntity
  8
WORDMARK
 62
7
420
1446687
100
AcDbHatch
 10
0.0
 20
0.0
 30
0.0
210
0.0
220
0.0
230
1.0
  2
SOLID
 70
1
 71
0
 91
2
 92
3
 72
0
 73
1
 93
129
 10
1205.4216136932373
 20
-1377.9563808441164
 10
1206.8110988140106
 20
-1377.645475149155
 10
1208.1824951171875
 20
-1377.2867431640627
 10
1209.5357983112335
 20
-1376.8801863193514
 10
1210.8710041046143
 20
-1376.4258060455325
 10
1212.1881082057953
 20
-1375.9236037731173
 10
1213.4871063232422
 20
-1375.3735809326174
 10
1214.7679941654205
 20
-1374.7757389545443
 10
1216.030767440796
 20
-1374.1300792694094
 10
1217.2754218578339
 20
-1373.4366033077242
 10
1218.501953125
 20
-1372.6953125000002
 10
1219.7032861709595
 20
-1371.9130966663363
 10
1220.8727188110352
 20
-1371.096841812134
 10
1222.010256767273
 20
-1370.246543645859
 10
1223.1159057617188
 20
-1369.3621978759768
 10
1224.1896715164185
 20
-1368.443800210953
 10
1225.231559753418
 20
-1367.4913463592532
 10
1226.2415761947632
 20
-1366.5048320293429
 10
1227.2197265625
 20
-1365.4842529296877
 10
1228.1660165786743
 20
-1364.4296047687533
 10
1229.080451965332
 20
-1363.340883255005
 10
1229.963038444519
 20
-1362.2180840969088
 10
1230.8137817382812
 20
-1361.06120300293
 10
1231.6326875686646
 20
-1359.870235681534
 10
1232.4197616577148
 20
-1358.6451778411868
 10
1233.175009727478
 20
-1357.3860251903536
 10
1233.8984375
 20
-1356.0927734375002
 10
1234.5835032463074
 20
-1354.7732017040255
 10
1235.2243919372559
 20
-1353.4339962005618
 10
1235.8211007118225
 20
-1352.0751612186434
 10
1236.3736267089844
 20
-1350.696701049805
 10
1236.8819670677185
 20
-1349.2986199855807
 10
1237.346118927002
 20
-1347.880922317505
 10
1237.7660794258118
 20
-1346.4436123371127
 10
1238.141845703125
 20
-1344.9866943359377
 10
1238.4734148979187
 20
-1343.5101726055148
 10
1238.76078414917
 20
-1342.0140514373782
 10
1239.0039505958557
 20
-1340.4983351230624
 10
1239.2029113769531
 20
-1338.9630279541018
 10
1239.3576636314392
 20
-1337.4081342220309
 10
1239.468204498291
 20
-1335.833658218384
 10
1239.5345311164856
 20
-1334.2396042346957
 10
1239.556640625
 20
-1332.6259765625002
 10
1239.5345311164856
 20
-1330.9903416633608
 10
1239.468204498291
 20
-1329.3756752014162
 10
1239.3576636314392
 20
-1327.7819800376894
 10
1239.2029113769531
 20
-1326.2092590332034
 10
1239.0039505958557
 20
-1324.657515048981
 10
1238.76078414917
 20
-1323.1267509460451
 10
1238.4734148979187
 20
-1321.616969585419
 10
1238.141845703125
 20
-1320.1281738281252
 10
1237.7660794258118
 20
-1318.660366535187
 10
1237.346118927002
 20
-1317.2135505676272
 10
1236.8819670677185
 20
-1315.7877287864687
 10
1236.3736267089844
 20
-1314.3829040527346
 10
1235.8211007118225
 20
-1312.9990792274477
 10
1235.2243919372559
 20
-1311.636257171631
 10
1234.5835032463074
 20
-1310.2944407463076
 10
1233.8984375
 20
-1308.9736328125002
 10
1233.175009727478
 20
-1307.6805193424227
 10
1232.4197616577148
 20
-1306.420686721802
 10
1231.6326875686646
 20
-1305.1941363811495
 10
1230.8137817382812
 20
-1304.0008697509768
 10
1229.963038444519
 20
-1302.8408882617953
 10
1229.080451965332
 20
-1301.7141933441164
 10
1228.1660165786743
 20
-1300.6207864284518
 10
1227.2197265625
 20
-1299.5606689453127
 10
1226.2415761947632
 20
-1298.5338423252108
 10
1225.231559753418
 20
-1297.5403079986575
 10
1224.1896715164185
 20
-1296.5800673961642
 10
1223.1159057617188
 20
-1295.6531219482424
 10
1222.010256767273
 20
-1294.7594730854037
 10
1220.8727188110352
 20
-1293.8991222381594
 10
1219.7032861709595
 20
-1293.072070837021
 10
1218.501953125
 20
-1292.2783203125002
 10
1217.2754218578339
 20
-1291.5260097980502
 10
1216.030767440796
 20
-1290.822183609009
 10
1214.7679941654205
 20
-1290.1668488979342
 10
1213.4871063232422
 20
-1289.560012817383
 10
1212.1881082057953
 20
-1289.001682519913
 10
1210.8710041046143
 20
-1288.4918651580813
 10
1209.5357983112335
 20
-1288.0305678844454
 10
1208.1824951171875
 20
-1287.6177978515627
 10
1206.8110988140106
 20
-1287.2535622119906
 10
1205.4216136932373
 20
-1286.9378681182864
 10
1204.014044046402
 20
-1286.6707227230074
 10
1202.588394165039
 20
-1286.4521331787112
 10
1201.144668340683
 20
-1286.282106637955
 10
1199.6828708648682
 20
-1286.1606502532961
 10
1198.203006029129
 20
-1286.087771177292
 10
1196.705078125
 20
-1286.0634765625002
 10
1194.2323875427246
 20
-1286.1316719055178
 10
1191.8233947753906
 20
-1286.3362121582034
 10
1189.4781684875488
 20
-1286.677028656006
 10
1187.19677734375
 20
-1287.1540527343752
 10
1184.979290008545
 20
-1287.76721572876
 10
1182.8257751464844
 20
-1288.5164489746096
 10
1180.7363014221191
 20
-1289.4016838073733
 10
1178.7109375
 20
-1290.4228515625002
 10
1176.768419265747
 20
-1291.5637779235842
 10
1174.9303741455078
 20
-1292.806121826172
 10
1173.196813583374
 20
-1294.1498603820803
 10
1171.5677490234375
 20
-1295.5949707031252
 10
1170.04319190979
 20
-1297.1414299011233
 10
1169.435546875
 20
-1297.8465295743115
 10
1169.435546875
 20
-1287.9189453125002
 10
1149.0302734375
 20
-1287.9189453125002
 10
1149.0302734375
 20
-1414.0634765625002
 10
1169.435546875
 20
-1414.0634765625002
 10
1169.435546875
 20
-1367.203302943591
 10
1169.894027709961
 20
-1367.7414894104006
 10
1171.405517578125
 20
-1369.2880859375002
 10
1173.024398803711
 20
-1370.7330589294436
 10
1174.7506713867188
 20
-1372.076385498047
 10
1176.5843353271484
 20
-1373.3180427551272
 10
1178.525390625
 20
-1374.4580078125002
 10
1180.5536403656006
 20
-1375.4791755676272
 10
1182.6517791748047
 20
-1376.3644104003909
 10
1184.8197498321533
 20
-1377.1136436462405
 10
1187.0574951171875
 20
-1377.7268066406252
 10
1189.3649578094482
 20
-1378.2038307189944
 10
1191.7420806884766
 20
-1378.544647216797
 10
1194.1888065338135
 20
-1378.7491874694826
 10
1196.705078125
 20
-1378.8173828125002
 10
1198.203006029129
 20
-1378.7934648990633
 10
1199.6828708648682
 20
-1378.721712112427
 10
1201.144668340683
 20
-1378.6021258831026
 10
1202.588394165039
 20
-1378.4347076416018
 10
1204.014044046402
 20
-1378.219458818436
 97
0
 92
2
 72
0
 73
1
 93
96
 10
1184.7412338256836
 20
-1358.1845016479494
 10
1183.1732177734375
 20
-1357.594665527344
 10
1181.657569885254
 20
-1356.8974380493166
 10
1180.1943359375
 20
-1356.0927734375002
 10
1178.7971534729004
 20
-1355.1929988861086
 10
1177.4811096191406
 20
-1354.2090301513674
 10
1176.2462272644043
 20
-1353.140901565552
 10
1175.092529296875
 20
-1351.9886474609377
 10
1174.0200386047363
 20
-1350.7523021698
 10
1173.0287780761719
 20
-1349.4319000244143
 10
1172.1187705993652
 20
-1348.027475357056
 10
1171.2900390625
 20
-1346.5390625000002
 10
1170.5506057739258
 20
-1344.9796886444094
 10
1169.909912109375
 20
-1343.3623504638674
 10
1169.3679122924805
 20
-1341.6870365142825
 10
1168.924560546875
 20
-1339.9537353515627
 10
1168.5798110961914
 20
-1338.1624355316164
 10
1168.3336181640625
 20
-1336.3131256103518
 10
1168.185935974121
 20
-1334.405794143677
 10
1168.13671875
 20
-1332.4404296875002
 10
1168.185935974121
 20
-1330.4759063720705
 10
1168.3336181640625
 20
-1328.5689697265627
 10
1168.5798110961914
 20
-1326.7197113037112
 10
1168.924560546875
 20
-1324.9282226562502
 10
1169.3679122924805
 20
-1323.1945953369143
 10
1169.909912109375
 20
-1321.5189208984377
 10
1170.5506057739258
 20
-1319.901290893555
 10
1171.2900390625
 20
-1318.3417968750002
 10
1172.1187705993652
 20
-1316.8535041809084
 10
1173.0287780761719
 20
-1315.4493713378909
 10
1174.0200386047363
 20
-1314.1293296813967
 10
1175.092529296875
 20
-1312.8933105468752
 10
1176.2462272644043
 20
-1311.7412452697756
 10
1177.4811096191406
 20
-1310.673065185547
 10
1178.7971534729004
 20
-1309.688701629639
 10
1180.1943359375
 20
-1308.7880859375002
 10
1181.657569885254
 20
-1307.9839820861819
 10
1183.1732177734375
 20
-1307.2870178222659
 10
1184.7412338256836
 20
-1306.6972160339358
 10
1186.361572265625
 20
-1306.2145996093752
 10
1188.0341873168945
 20
-1305.8391914367678
 10
1189.759033203125
 20
-1305.571014404297
 10
1191.5360641479492
 20
-1305.4100914001467
 10
1193.365234375
 20
-1305.3564453125002
 10
1195.1922626495361
 20
-1305.4100914001467
 10
1196.964370727539
 20
-1305.571014404297
 10
1198.6815700531006
 20
-1305.8391914367678
 10
1200.3438720703125
 20
-1306.2145996093752
 10
1201.9512882232666
 20
-1306.6972160339358
 10
1203.5038299560547
 20
-1307.2870178222659
 10
1205.0015087127686
 20
-1307.9839820861819
 10
1206.4443359375
 20
-1308.7880859375002
 10
1207.820650100708
 20
-1309.688701629639
 10
1209.1217193603516
 20
-1310.673065185547
 10
1210.3475551605225
 20
-1311.7412452697756
 10
1211.4981689453125
 20
-1312.8933105468752
 10
1212.5735721588135
 20
-1314.1293296813967
 10
1213.5737762451172
 20
-1315.4493713378909
 10
1214.4987926483154
 20
-1316.8535041809084
 10
1215.3486328125
 20
-1318.3417968750002
 10
1216.1088752746582
 20
-1319.901290893555
 10
1216.7679748535156
 20
-1321.5189208984377
 10
1217.3258628845215
 20
-1323.1945953369143
 10
1217.782470703125
 20
-1324.9282226562502
 10
1218.1377296447754
 20
-1326.7197113037112
 10
1218.3915710449219
 20
-1328.5689697265627
 10
1218.5439262390137
 20
-1330.4759063720705
 10
1218.5947265625
 20
-1332.4404296875002
 10
1218.5439262390137
 20
-1334.405794143677
 10
1218.3915710449219
 20
-1336.3131256103518
 10
1218.1377296447754
 20
-1338.1624355316164
 10
1217.782470703125
 20
-1339.9537353515627
 10
1217.3258628845215
 20
-1341.6870365142825
 10
1216.7679748535156
 20
-1343.3623504638674
 10
1216.1088752746582
 20
-1344.9796886444094
 10
1215.3486328125
 20
-1346.5390625000002
 10
1214.4987926483154
 20
-1348.027475357056
 10
1213.5737762451172
 20
-1349.4319000244143
 10
1212.5735721588135
 20
-1350.7523021698
 10
1211.4981689453125
 20
-1351.9886474609377
 10
1210.3475551605225
 20
-1353.140901565552
 10
1209.1217193603516
 20
-1354.2090301513674
 10
1207.820650100708
 20
-1355.1929988861086
 10
1206.4443359375
 20
-1356.0927734375002
 10
1205.0015087127686
 20
-1356.8974380493166
 10
1203.5038299560547
 20
-1357.594665527344
 10
1201.9512882232666
 20
-1358.1845016479494
 10
1200.3438720703125
 20
-1358.6669921875002
 10
1198.6815700531006
 20
-1359.0421829223635
 10
1196.964370727539
 20
-1359.3101196289065
 10
1195.1922626495361
 20
-1359.4708480834963
 10
1193.365234375
 20
-1359.5244140625002
 10
1191.5360641479492
 20
-1359.4708480834963
 10
1189.759033203125
 20
-1359.3101196289065
 10
1188.0341873168945
 20
-1359.0421829223635
 10
1186.361572265625
 20
-1358.6669921875002
 97
0
 75
0
 76
1
 98
0
  0
LWPOLYLINE
  5
48
330
17
100
AcDbEntity
  8
WORDMARK
100
AcDbPolyline
 90
130
 70
1
 10
1205.4216136932373
 20
-1377.9563808441164
 10
1206.8110988140106
 20
-1377.645475149155
 10
1208.1824951171875
 20
-1377.2867431640627
 10
1209.5357983112335
 20
-1376.8801863193514
 10
1210.8710041046143
 20
-1376.4258060455325
 10
1212.1881082057953
 20
-1375.9236037731173
 10
1213.4871063232422
 20
-1375.3735809326174
 10
1214.7679941654205
 20
-1374.7757389545443
 10
1216.030767440796
 20
-1374.1300792694094
 10
1217.2754218578339
 20
-1373.4366033077242
 10
1218.501953125
 20
-1372.6953125000002
 10
1219.7032861709595
 20
-1371.9130966663363
 10
1220.8727188110352
 20
-1371.096841812134
 10
1222.010256767273
 20
-1370.246543645859
 10
1223.1159057617188
 20
-1369.3621978759768
 10
1224.1896715164185
 20
-1368.443800210953
 10
1225.231559753418
 20
-1367.4913463592532
 10
1226.2415761947632
 20
-1366.5048320293429
 10
1227.2197265625
 20
-1365.4842529296877
 10
1228.1660165786743
 20
-1364.4296047687533
 10
1229.080451965332
 20
-1363.340883255005
 10
1229.963038444519
 20
-1362.2180840969088
 10
1230.8137817382812
 20
-1361.06120300293
 10
1231.6326875686646
 20
-1359.870235681534
 10
1232.4197616577148
 20
-1358.6451778411868
 10
1233.175009727478
 20
-1357.3860251903536
 10
1233.8984375
 20
-1356.0927734375002
 10
1234.5835032463074
 20
-1354.7732017040255
 10
1235.2243919372559
 20
-1353.4339962005618
 10
1235.8211007118225
 20
-1352.0751612186434
 10
1236.3736267089844
 20
-1350.696701049805
 10
1236.8819670677185
 20
-1349.2986199855807
 10
1237.346118927002
 20
-1347.880922317505
 10
1237.7660794258118
 20
-1346.4436123371127
 10
1238.141845703125
 20
-1344.9866943359377
 10
1238.4734148979187
 20
-1343.5101726055148
 10
1238.76078414917
 20
-1342.0140514373782
 10
1239.0039505958557
 20
-1340.4983351230624
 10
1239.2029113769531
 20
-1338.9630279541018
 10
1239.3576636314392
 20
-1337.4081342220309
 10
1239.468204498291
 20
-1335.833658218384
 10
1239.5345311164856
 20
-1334.2396042346957
 10
1239.556640625
 20
-1332.6259765625002
 10
1239.5345311164856
 20
-1330.9903416633608
 10
1239.468204498291
 20
-1329.3756752014162
 10
1239.3576636314392
 20
-1327.7819800376894
 10
1239.2029113769531
 20
-1326.2092590332034
 10
1239.0039505958557
 20
-1324.657515048981
 10
1238.76078414917
 20
-1323.1267509460451
 10
1238.4734148979187
 20
-1321.616969585419
 10
1238.141845703125
 20
-1320.1281738281252
 10
1237.7660794258118
 20
-1318.660366535187
 10
1237.346118927002
 20
-1317.2135505676272
 10
1236.8819670677185
 20
-1315.7877287864687
 10
1236.3736267089844
 20
-1314.3829040527346
 10
1235.8211007118225
 20
-1312.9990792274477
 10
1235.2243919372559
 20
-1311.636257171631
 10
1234.5835032463074
 20
-1310.2944407463076
 10
1233.8984375
 20
-1308.9736328125002
 10
1233.175009727478
 20
-1307.6805193424227
 10
1232.4197616577148
 20
-1306.420686721802
 10
1231.6326875686646
 20
-1305.1941363811495
 10
1230.8137817382812
 20
-1304.0008697509768
 10
1229.963038444519
 20
-1302.8408882617953
 10
1229.080451965332
 20
-1301.7141933441164
 10
1228.1660165786743
 20
-1300.6207864284518
 10
1227.2197265625
 20
-1299.5606689453127
 10
1226.2415761947632
 20
-1298.5338423252108
 10
1225.231559753418
 20
-1297.5403079986575
 10
1224.1896715164185
 20
-1296.5800673961642
 10
1223.1159057617188
 20
-1295.6531219482424
 10
1222.010256767273
 20
-1294.7594730854037
 10
1220.8727188110352
 20
-1293.8991222381594
 10
1219.7032861709595
 20
-1293.072070837021
 10
1218.501953125
 20
-1292.2783203125002
 10
1217.2754218578339
 20
-1291.5260097980502
 10
1216.030767440796
 20
-1290.822183609009
 10
1214.7679941654205
 20
-1290.1668488979342
 10
1213.4871063232422
 20
-1289.560012817383
 10
1212.1881082057953
 20
-1289.001682519913
 10
1210.8710041046143
 20
-1288.4918651580813
 10
1209.5357983112335
 20
-1288.0305678844454
 10
1208.1824951171875
 20
-1287.6177978515627
 10
1206.8110988140106
 20
-1287.2535622119906
 10
1205.4216136932373
 20
-1286.9378681182864
 10
1204.014044046402
 20
-1286.6707227230074
 10
1202.588394165039
 20
-1286.4521331787112
 10
1201.144668340683
 20
-1286.282106637955
 10
1199.6828708648682
 20
-1286.1606502532961
 10
1198.203006029129
 20
-1286.087771177292
 10
1196.705078125
 20
-1286.0634765625002
 10
1194.2323875427246
 20
-1286.1316719055178
 10
1191.8233947753906
 20
-1286.3362121582034
 10
1189.4781684875488
 20
-1286.677028656006
 10
1187.19677734375
 20
-1287.1540527343752
 10
1184.979290008545
 20
-1287.76721572876
 10
1182.8257751464844
 20
-1288.5164489746096
 10
1180.7363014221191
 20
-1289.4016838073733
 10
1178.7109375
 20
-1290.4228515625002
 10
1176.768419265747
 20
-1291.5637779235842
 10
1174.9303741455078
 20
-1292.806121826172
 10
1173.196813583374
 20
-1294.1498603820803
 10
1171.5677490234375
 20
-1295.5949707031252
 10
1170.04319190979
 20
-1297.1414299011233
 10
1169.435546875
 20
-1297.8465295743115
 10
1169.435546875
 20
-1287.9189453125002
 10
1149.0302734375
 20
-1287.9189453125002
 10
1149.0302734375
 20
-1414.0634765625002
 10
1169.435546875
 20
-1414.0634765625002
 10
1169.435546875
 20
-1367.203302943591
 10
1169.894027709961
 20
-1367.7414894104006
 10
1171.405517578125
 20
-1369.2880859375002
 10
1173.024398803711
 20
-1370.7330589294436
 10
1174.7506713867188
 20
-1372.076385498047
 10
1176.5843353271484
 20
-1373.3180427551272
 10
1178.525390625
 20
-1374.4580078125002
 10
1180.5536403656006
 20
-1375.4791755676272
 10
1182.6517791748047
 20
-1376.3644104003909
 10
1184.8197498321533
 20
-1377.1136436462405
 10
1187.0574951171875
 20
-1377.7268066406252
 10
1189.3649578094482
 20
-1378.2038307189944
 10
1191.7420806884766
 20
-1378.544647216797
 10
1194.1888065338135
 20
-1378.7491874694826
 10
1196.705078125
 20
-1378.8173828125002
 10
1198.203006029129
 20
-1378.7934648990633
 10
1199.6828708648682
 20
-1378.721712112427
 10
1201.144668340683
 20
-1378.6021258831026
 10
1202.588394165039
 20
-1378.4347076416018
 10
1204.014044046402
 20
-1378.219458818436
 10
1205.4216136932373
 20
-1377.9563808441164
  0
LWPOLYLINE
  5
49
330
17
100
AcDbEntity
  8
WORDMARK
100
AcDbPolyline
 90
97
 70
1
 10
1184.7412338256836
 20
-1358.1845016479494
 10
1183.1732177734375
 20
-1357.594665527344
 10
1181.657569885254
 20
-1356.8974380493166
 10
1180.1943359375
 20
-1356.0927734375002
 10
1178.7971534729004
 20
-1355.1929988861086
 10
1177.4811096191406
 20
-1354.2090301513674
 10
1176.2462272644043
 20
-1353.140901565552
 10
1175.092529296875
 20
-1351.9886474609377
 10
1174.0200386047363
 20
-1350.7523021698
 10
1173.0287780761719
 20
-1349.4319000244143
 10
1172.1187705993652
 20
-1348.027475357056
 10
1171.2900390625
 20
-1346.5390625000002
 10
1170.5506057739258
 20
-1344.9796886444094
 10
1169.909912109375
 20
-1343.3623504638674
 10
1169.3679122924805
 20
-1341.6870365142825
 10
1168.924560546875
 20
-1339.9537353515627
 10
1168.5798110961914
 20
-1338.1624355316164
 10
1168.3336181640625
 20
-1336.3131256103518
 10
1168.185935974121
 20
-1334.405794143677
 10
1168.13671875
 20
-1332.4404296875002
 10
1168.185935974121
 20
-1330.4759063720705
 10
1168.3336181640625
 20
-1328.5689697265627
 10
1168.5798110961914
 20
-1326.7197113037112
 10
1168.924560546875
 20
-1324.9282226562502
 10
1169.3679122924805
 20
-1323.1945953369143
 10
1169.909912109375
 20
-1321.5189208984377
 10
1170.5506057739258
 20
-1319.901290893555
 10
1171.2900390625
 20
-1318.3417968750002
 10
1172.1187705993652
 20
-1316.8535041809084
 10
1173.0287780761719
 20
-1315.4493713378909
 10
1174.0200386047363
 20
-1314.1293296813967
 10
1175.092529296875
 20
-1312.8933105468752
 10
1176.2462272644043
 20
-1311.7412452697756
 10
1177.4811096191406
 20
-1310.673065185547
 10
1178.7971534729004
 20
-1309.688701629639
 10
1180.1943359375
 20
-1308.7880859375002
 10
1181.657569885254
 20
-1307.9839820861819
 10
1183.1732177734375
 20
-1307.2870178222659
 10
1184.7412338256836
 20
-1306.6972160339358
 10
1186.361572265625
 20
-1306.2145996093752
 10
1188.0341873168945
 20
-1305.8391914367678
 10
1189.759033203125
 20
-1305.571014404297
 10
1191.5360641479492
 20
-1305.4100914001467
 10
1193.365234375
 20
-1305.3564453125002
 10
1195.1922626495361
 20
-1305.4100914001467
 10
1196.964370727539
 20
-1305.571014404297
 10
1198.6815700531006
 20
-1305.8391914367678
 10
1200.3438720703125
 20
-1306.2145996093752
 10
1201.9512882232666
 20
-1306.6972160339358
 10
1203.5038299560547
 20
-1307.2870178222659
 10
1205.0015087127686
 20
-1307.9839820861819
 10
1206.4443359375
 20
-1308.7880859375002
 10
1207.820650100708
 20
-1309.688701629639
 10
1209.1217193603516
 20
-1310.673065185547
 10
1210.3475551605225
 20
-1311.7412452697756
 10
1211.4981689453125
 20
-1312.8933105468752
 10
1212.5735721588135
 20
-1314.1293296813967
 10
1213.5737762451172
 20
-1315.4493713378909
 10
1214.4987926483154
 20
-1316.8535041809084
 10
1215.3486328125
 20
-1318.3417968750002
 10
1216.1088752746582
 20
-1319.901290893555
 10
1216.7679748535156
 20
-1321.5189208984377
 10
1217.3258628845215
 20
-1323.1945953369143
 10
1217.782470703125
 20
-1324.9282226562502
 10
1218.1377296447754
 20
-1326.7197113037112
 10
1218.3915710449219
 20
-1328.5689697265627
 10
1218.5439262390137
 20
-1330.4759063720705
 10
1218.5947265625
 20
-1332.4404296875002
 10
1218.5439262390137
 20
-1334.405794143677
 10
1218.3915710449219
 20
-1336.3131256103518
 10
1218.1377296447754
 20
-1338.1624355316164
 10
1217.782470703125
 20
-1339.9537353515627
 10
1217.3258628845215
 20
-1341.6870365142825
 10
1216.7679748535156
 20
-1343.3623504638674
 10
1216.1088752746582
 20
-1344.9796886444094
 10
1215.3486328125
 20
-1346.5390625000002
 10
1214.4987926483154
 20
-1348.027475357056
 10
1213.5737762451172
 20
-1349.4319000244143
 10
1212.5735721588135
 20
-1350.7523021698
 10
1211.4981689453125
 20
-1351.9886474609377
 10
1210.3475551605225
 20
-1353.140901565552
 10
1209.1217193603516
 20
-1354.2090301513674
 10
1207.820650100708
 20
-1355.1929988861086
 10
1206.4443359375
 20
-1356.0927734375002
 10
1205.0015087127686
 20
-1356.8974380493166
 10
1203.5038299560547
 20
-1357.594665527344
 10
1201.9512882232666
 20
-1358.1845016479494
 10
1200.3438720703125
 20
-1358.6669921875002
 10
1198.6815700531006
 20
-1359.0421829223635
 10
1196.964370727539
 20
-1359.3101196289065
 10
1195.1922626495361
 20
-1359.4708480834963
 10
1193.365234375
 20
-1359.5244140625002
 10
1191.5360641479492
 20
-1359.4708480834963
 10
1189.759033203125
 20
-1359.3101196289065
 10
1188.0341873168945
 20
-1359.0421829223635
 10
1186.361572265625
 20
-1358.6669921875002
 10
1184.7412338256836
 20
-1358.1845016479494
  0
HATCH
  5
4A
330
17
100
AcDbEntity
  8
WORDMARK
 62
7
420
1446687
100
AcDbHatch
 10
0.0
 20
0.0
 30
0.0
210
0.0
220
0.0
230
1.0
  2
SOLID
 70
1
 71
0
 91
2
 92
3
 72
0
 73
1
 93
129
 10
1313.0124340057373
 20
-1377.9563808441164
 10
1314.4019191265106
 20
-1377.645475149155
 10
1315.7733154296875
 20
-1377.2867431640627
 10
1317.1266186237335
 20
-1376.8801863193514
 10
1318.4618244171143
 20
-1376.4258060455325
 10
1319.7789285182953
 20
-1375.9236037731173
 10
1321.0779266357422
 20
-1375.3735809326174
 10
1322.3588144779205
 20
-1374.7757389545443
 10
1323.621587753296
 20
-1374.1300792694094
 10
1324.8662421703339
 20
-1373.4366033077242
 10
1326.0927734375
 20
-1372.6953125000002
 10
1327.2941064834595
 20
-1371.9130966663363
 10
1328.4635391235352
 20
-1371.096841812134
 10
1329.601077079773
 20
-1370.246543645859
 10
1330.7067260742188
 20
-1369.3621978759768
 10
1331.7804918289185
 20
-1368.443800210953
 10
1332.822380065918
 20
-1367.4913463592532
 10
1333.8323965072632
 20
-1366.5048320293429
 10
1334.810546875
 20
-1365.4842529296877
 10
1335.7568368911743
 20
-1364.4296047687533
 10
1336.671272277832
 20
-1363.340883255005
 10
1337.553858757019
 20
-1362.2180840969088
 10
1338.4046020507812
 20
-1361.06120300293
 10
1339.2235078811646
 20
-1359.870235681534
 10
1340.0105819702148
 20
-1358.6451778411868
 10
1340.765830039978
 20
-1357.3860251903536
 10
1341.4892578125
 20
-1356.0927734375002
 10
1342.1743235588074
 20
-1354.7732017040255
 10
1342.8152122497559
 20
-1353.4339962005618
 10
1343.4119210243225
 20
-1352.0751612186434
 10
1343.9644470214844
 20
-1350.696701049805
 10
1344.4727873802185
 20
-1349.2986199855807
 10
1344.936939239502
 20
-1347.880922317505
 10
1345.3568997383118
 20
-1346.4436123371127
 10
1345.732666015625
 20
-1344.9866943359377
 10
1346.0642352104187
 20
-1343.5101726055148
 10
1346.35160446167
 20
-1342.0140514373782
 10
1346.5947709083557
 20
-1340.4983351230624
 10
1346.7937316894531
 20
-1338.9630279541018
 10
1346.9484839439392
 20
-1337.4081342220309
 10
1347.059024810791
 20
-1335.833658218384
 10
1347.1253514289856
 20
-1334.2396042346957
 10
1347.1474609375
 20
-1332.6259765625002
 10
1347.1253514289856
 20
-1330.9903416633608
 10
1347.059024810791
 20
-1329.3756752014162
 10
1346.9484839439392
 20
-1327.7819800376894
 10
1346.7937316894531
 20
-1326.2092590332034
 10
1346.5947709083557
 20
-1324.657515048981
 10
1346.35160446167
 20
-1323.1267509460451
 10
1346.0642352104187
 20
-1321.616969585419
 10
1345.732666015625
 20
-1320.1281738281252
 10
1345.3568997383118
 20
-1318.660366535187
 10
1344.936939239502
 20
-1317.2135505676272
 10
1344.4727873802185
 20
-1315.7877287864687
 10
1343.9644470214844
 20
-1314.3829040527346
 10
1343.4119210243225
 20
-1312.9990792274477
 10
1342.8152122497559
 20
-1311.636257171631
 10
1342.1743235588074
 20
-1310.2944407463076
 10
1341.4892578125
 20
-1308.9736328125002
 10
1340.765830039978
 20
-1307.6805193424227
 10
1340.0105819702148
 20
-1306.420686721802
 10
1339.2235078811646
 20
-1305.1941363811495
 10
1338.4046020507812
 20
-1304.0008697509768
 10
1337.553858757019
 20
-1302.8408882617953
 10
1336.671272277832
 20
-1301.7141933441164
 10
1335.7568368911743
 20
-1300.6207864284518
 10
1334.810546875
 20
-1299.5606689453127
 10
1333.8323965072632
 20
-1298.5338423252108
 10
1332.822380065918
 20
-1297.5403079986575
 10
1331.7804918289185
 20
-1296.5800673961642
 10
1330.7067260742188
 20
-1295.6531219482424
 10
1329.601077079773
 20
-1294.7594730854037
 10
1328.4635391235352
 20
-1293.8991222381594
 10
1327.2941064834595
 20
-1293.072070837021
 10
1326.0927734375
 20
-1292.2783203125002
 10
1324.8662421703339
 20
-1291.5260097980502
 10
1323.621587753296
 20
-1290.822183609009
 10
1322.3588144779205
 20
-1290.1668488979342
 10
1321.0779266357422
 20
-1289.560012817383
 10
1319.7789285182953
 20
-1289.001682519913
 10
1318.4618244171143
 20
-1288.4918651580813
 10
1317.1266186237335
 20
-1288.0305678844454
 10
1315.7733154296875
 20
-1287.6177978515627
 10
1314.4019191265106
 20
-1287.2535622119906
 10
1313.0124340057373
 20
-1286.9378681182864
 10
1311.604864358902
 20
-1286.6707227230074
 10
1310.179214477539
 20
-1286.4521331787112
 10
1308.735488653183
 20
-1286.282106637955
 10
1307.2736911773682
 20
-1286.1606502532961
 10
1305.793826341629
 20
-1286.087771177292
 10
1304.2958984375
 20
-1286.0634765625002
 10
1301.8232078552246
 20
-1286.1316719055178
 10
1299.4142150878906
 20
-1286.3362121582034
 10
1297.0689888000488
 20
-1286.677028656006
 10
1294.78759765625
 20
-1287.1540527343752
 10
1292.570110321045
 20
-1287.76721572876
 10
1290.4165954589844
 20
-1288.5164489746096
 10
1288.3271217346191
 20
-1289.4016838073733
 10
1286.3017578125
 20
-1290.4228515625002
 10
1284.359239578247
 20
-1291.5637779235842
 10
1282.5211944580078
 20
-1292.806121826172
 10
1280.787633895874
 20
-1294.1498603820803
 10
1279.1585693359375
 20
-1295.5949707031252
 10
1277.63401222229
 20
-1297.1414299011233
 10
1277.0263671875
 20
-1297.8465295743115
 10
1277.0263671875
 20
-1287.9189453125002
 10
1256.6201171875
 20
-1287.9189453125002
 10
1256.6201171875
 20
-1414.0634765625002
 10
1277.0263671875
 20
-1414.0634765625002
 10
1277.0263671875
 20
-1367.203302943591
 10
1277.484848022461
 20
-1367.7414894104006
 10
1278.996337890625
 20
-1369.2880859375002
 10
1280.615219116211
 20
-1370.7330589294436
 10
1282.3414916992188
 20
-1372.076385498047
 10
1284.1751556396484
 20
-1373.3180427551272
 10
1286.1162109375
 20
-1374.4580078125002
 10
1288.1444606781006
 20
-1375.4791755676272
 10
1290.2425994873047
 20
-1376.3644104003909
 10
1292.4105701446533
 20
-1377.1136436462405
 10
1294.6483154296875
 20
-1377.7268066406252
 10
1296.9557781219482
 20
-1378.2038307189944
 10
1299.3329010009766
 20
-1378.544647216797
 10
1301.7796268463135
 20
-1378.7491874694826
 10
1304.2958984375
 20
-1378.8173828125002
 10
1305.793826341629
 20
-1378.7934648990633
 10
1307.2736911773682
 20
-1378.721712112427
 10
1308.735488653183
 20
-1378.6021258831026
 10
1310.179214477539
 20
-1378.4347076416018
 10
1311.604864358902
 20
-1378.219458818436
 97
0
 92
2
 72
0
 73
1
 93
96
 10
1292.3320541381836
 20
-1358.1845016479494
 10
1290.7640380859375
 20
-1357.594665527344
 10
1289.248390197754
 20
-1356.8974380493166
 10
1287.78515625
 20
-1356.0927734375002
 10
1286.3879737854004
 20
-1355.1929988861086
 10
1285.0719299316406
 20
-1354.2090301513674
 10
1283.8370475769043
 20
-1353.140901565552
 10
1282.683349609375
 20
-1351.9886474609377
 10
1281.6108589172363
 20
-1350.7523021698
 10
1280.6195983886719
 20
-1349.4319000244143
 10
1279.7095909118652
 20
-1348.027475357056
 10
1278.880859375
 20
-1346.5390625000002
 10
1278.1414260864258
 20
-1344.9796886444094
 10
1277.500732421875
 20
-1343.3623504638674
 10
1276.9587326049805
 20
-1341.6870365142825
 10
1276.515380859375
 20
-1339.9537353515627
 10
1276.1706314086914
 20
-1338.1624355316164
 10
1275.9244384765625
 20
-1336.3131256103518
 10
1275.776756286621
 20
-1334.405794143677
 10
1275.7275390625
 20
-1332.4404296875002
 10
1275.776756286621
 20
-1330.4759063720705
 10
1275.9244384765625
 20
-1328.5689697265627
 10
1276.1706314086914
 20
-1326.7197113037112
 10
1276.515380859375
 20
-1324.9282226562502
 10
1276.9587326049805
 20
-1323.1945953369143
 10
1277.500732421875
 20
-1321.5189208984377
 10
1278.1414260864258
 20
-1319.901290893555
 10
1278.880859375
 20
-1318.3417968750002
 10
1279.7095909118652
 20
-1316.8535041809084
 10
1280.6195983886719
 20
-1315.4493713378909
 10
1281.6108589172363
 20
-1314.1293296813967
 10
1282.683349609375
 20
-1312.8933105468752
 10
1283.8370475769043
 20
-1311.7412452697756
 10
1285.0719299316406
 20
-1310.673065185547
 10
1286.3879737854004
 20
-1309.688701629639
 10
1287.78515625
 20
-1308.7880859375002
 10
1289.248390197754
 20
-1307.9839820861819
 10
1290.7640380859375
 20
-1307.2870178222659
 10
1292.3320541381836
 20
-1306.6972160339358
 10
1293.952392578125
 20
-1306.2145996093752
 10
1295.6250076293945
 20
-1305.8391914367678
 10
1297.349853515625
 20
-1305.571014404297
 10
1299.1268844604492
 20
-1305.4100914001467
 10
1300.9560546875
 20
-1305.3564453125002
 10
1302.7830829620361
 20
-1305.4100914001467
 10
1304.555191040039
 20
-1305.571014404297
 10
1306.2723903656006
 20
-1305.8391914367678
 10
1307.9346923828125
 20
-1306.2145996093752
 10
1309.5421085357666
 20
-1306.6972160339358
 10
1311.0946502685547
 20
-1307.2870178222659
 10
1312.5923290252686
 20
-1307.9839820861819
 10
1314.03515625
 20
-1308.7880859375002
 10
1315.411470413208
 20
-1309.688701629639
 10
1316.7125396728516
 20
-1310.673065185547
 10
1317.9383754730225
 20
-1311.7412452697756
 10
1319.0889892578125
 20
-1312.8933105468752
 10
1320.1643924713135
 20
-1314.1293296813967
 10
1321.1645965576172
 20
-1315.4493713378909
 10
1322.0896129608154
 20
-1316.8535041809084
 10
1322.939453125
 20
-1318.3417968750002
 10
1323.6996955871582
 20
-1319.901290893555
 10
1324.3587951660156
 20
-1321.5189208984377
 10
1324.9166831970215
 20
-1323.1945953369143
 10
1325.373291015625
 20
-1324.9282226562502
 10
1325.7285499572754
 20
-1326.7197113037112
 10
1325.9823913574219
 20
-1328.5689697265627
 10
1326.1347465515137
 20
-1330.4759063720705
 10
1326.185546875
 20
-1332.4404296875002
 10
1326.1347465515137
 20
-1334.405794143677
 10
1325.9823913574219
 20
-1336.3131256103518
 10
1325.7285499572754
 20
-1338.1624355316164
 10
1325.373291015625
 20
-1339.9537353515627
 10
1324.9166831970215
 20
-1341.6870365142825
 10
1324.3587951660156
 20
-1343.3623504638674
 10
1323.6996955871582
 20
-1344.9796886444094
 10
1322.939453125
 20
-1346.5390625000002
 10
1322.0896129608154
 20
-1348.027475357056
 10
1321.1645965576172
 20
-1349.4319000244143
 10
1320.1643924713135
 20
-1350.7523021698
 10
1319.0889892578125
 20
-1351.9886474609377
 10
1317.9383754730225
 20
-1353.140901565552
 10
1316.7125396728516
 20
-1354.2090301513674
 10
1315.411470413208
 20
-1355.1929988861086
 10
1314.03515625
 20
-1356.0927734375002
 10
1312.5923290252686
 20
-1356.8974380493166
 10
1311.0946502685547
 20
-1357.594665527344
 10
1309.5421085357666
 20
-1358.1845016479494
 10
1307.9346923828125
 20
-1358.6669921875002
 10
1306.2723903656006
 20
-1359.0421829223635
 10
1304.555191040039
 20
-1359.3101196289065
 10
1302.7830829620361
 20
-1359.4708480834963
 10
1300.9560546875
 20
-1359.5244140625002
 10
1299.1268844604492
 20
-1359.4708480834963
 10
1297.349853515625
 20
-1359.3101196289065
 10
1295.6250076293945
 20
-1359.0421829223635
 10
1293.952392578125
 20
-1358.6669921875002
 97
0
 75
0
 76
1
 98
0
  0
LWPOLYLINE
  5
4B
330
17
100
AcDbEntity
  8
WORDMARK
100
AcDbPolyline
 90
130
 70
1
 10
1313.0124340057373
 20
-1377.9563808441164
 10
1314.4019191265106
 20
-1377.645475149155
 10
1315.7733154296875
 20
-1377.2867431640627
 10
1317.1266186237335
 20
-1376.8801863193514
 10
1318.4618244171143
 20
-1376.4258060455325
 10
1319.7789285182953
 20
-1375.9236037731173
 10
1321.0779266357422
 20
-1375.3735809326174
 10
1322.3588144779205
 20
-1374.7757389545443
 10
1323.621587753296
 20
-1374.1300792694094
 10
1324.8662421703339
 20
-1373.4366033077242
 10
1326.0927734375
 20
-1372.6953125000002
 10
1327.2941064834595
 20
-1371.9130966663363
 10
1328.4635391235352
 20
-1371.096841812134
 10
1329.601077079773
 20
-1370.246543645859
 10
1330.7067260742188
 20
-1369.3621978759768
 10
1331.7804918289185
 20
-1368.443800210953
 10
1332.822380065918
 20
-1367.4913463592532
 10
1333.8323965072632
 20
-1366.5048320293429
 10
1334.810546875
 20
-1365.4842529296877
 10
1335.7568368911743
 20
-1364.4296047687533
 10
1336.671272277832
 20
-1363.340883255005
 10
1337.553858757019
 20
-1362.2180840969088
 10
1338.4046020507812
 20
-1361.06120300293
 10
1339.2235078811646
 20
-1359.870235681534
 10
1340.0105819702148
 20
-1358.6451778411868
 10
1340.765830039978
 20
-1357.3860251903536
 10
1341.4892578125
 20
-1356.0927734375002
 10
1342.1743235588074
 20
-1354.7732017040255
 10
1342.8152122497559
 20
-1353.4339962005618
 10
1343.4119210243225
 20
-1352.0751612186434
 10
1343.9644470214844
 20
-1350.696701049805
 10
1344.4727873802185
 20
-1349.2986199855807
 10
1344.936939239502
 20
-1347.880922317505
 10
1345.3568997383118
 20
-1346.4436123371127
 10
1345.732666015625
 20
-1344.9866943359377
 10
1346.0642352104187
 20
-1343.5101726055148
 10
1346.35160446167
 20
-1342.0140514373782
 10
1346.5947709083557
 20
-1340.4983351230624
 10
1346.7937316894531
 20
-1338.9630279541018
 10
1346.9484839439392
 20
-1337.4081342220309
 10
1347.059024810791
 20
-1335.833658218384
 10
1347.1253514289856
 20
-1334.2396042346957
 10
1347.1474609375
 20
-1332.6259765625002
 10
1347.1253514289856
 20
-1330.9903416633608
 10
1347.059024810791
 20
-1329.3756752014162
 10
1346.9484839439392
 20
-1327.7819800376894
 10
1346.7937316894531
 20
-1326.2092590332034
 10
1346.5947709083557
 20
-1324.657515048981
 10
1346.35160446167
 20
-1323.1267509460451
 10
1346.0642352104187
 20
-1321.616969585419
 10
1345.732666015625
 20
-1320.1281738281252
 10
1345.3568997383118
 20
-1318.660366535187
 10
1344.936939239502
 20
-1317.2135505676272
 10
1344.4727873802185
 20
-1315.7877287864687
 10
1343.9644470214844
 20
-1314.3829040527346
 10
1343.4119210243225
 20
-1312.9990792274477
 10
1342.8152122497559
 20
-1311.636257171631
 10
1342.1743235588074
 20
-1310.2944407463076
 10
1341.4892578125
 20
-1308.9736328125002
 10
1340.765830039978
 20
-1307.6805193424227
 10
1340.0105819702148
 20
-1306.420686721802
 10
1339.2235078811646
 20
-1305.1941363811495
 10
1338.4046020507812
 20
-1304.0008697509768
 10
1337.553858757019
 20
-1302.8408882617953
 10
1336.671272277832
 20
-1301.7141933441164
 10
1335.7568368911743
 20
-1300.6207864284518
 10
1334.810546875
 20
-1299.5606689453127
 10
1333.8323965072632
 20
-1298.5338423252108
 10
1332.822380065918
 20
-1297.5403079986575
 10
1331.7804918289185
 20
-1296.5800673961642
 10
1330.7067260742188
 20
-1295.6531219482424
 10
1329.601077079773
 20
-1294.7594730854037
 10
1328.4635391235352
 20
-1293.8991222381594
 10
1327.2941064834595
 20
-1293.072070837021
 10
1326.0927734375
 20
-1292.2783203125002
 10
1324.8662421703339
 20
-1291.5260097980502
 10
1323.621587753296
 20
-1290.822183609009
 10
1322.3588144779205
 20
-1290.1668488979342
 10
1321.0779266357422
 20
-1289.560012817383
 10
1319.7789285182953
 20
-1289.001682519913
 10
1318.4618244171143
 20
-1288.4918651580813
 10
1317.1266186237335
 20
-1288.0305678844454
 10
1315.7733154296875
 20
-1287.6177978515627
 10
1314.4019191265106
 20
-1287.2535622119906
 10
1313.0124340057373
 20
-1286.9378681182864
 10
1311.604864358902
 20
-1286.6707227230074
 10
1310.179214477539
 20
-1286.4521331787112
 10
1308.735488653183
 20
-1286.282106637955
 10
1307.2736911773682
 20
-1286.1606502532961
 10
1305.793826341629
 20
-1286.087771177292
 10
1304.2958984375
 20
-1286.0634765625002
 10
1301.8232078552246
 20
-1286.1316719055178
 10
1299.4142150878906
 20
-1286.3362121582034
 10
1297.0689888000488
 20
-1286.677028656006
 10
1294.78759765625
 20
-1287.1540527343752
 10
1292.570110321045
 20
-1287.76721572876
 10
1290.4165954589844
 20
-1288.5164489746096
 10
1288.3271217346191
 20
-1289.4016838073733
 10
1286.3017578125
 20
-1290.4228515625002
 10
1284.359239578247
 20
-1291.5637779235842
 10
1282.5211944580078
 20
-1292.806121826172
 10
1280.787633895874
 20
-1294.1498603820803
 10
1279.1585693359375
 20
-1295.5949707031252
 10
1277.63401222229
 20
-1297.1414299011233
 10
1277.0263671875
 20
-1297.8465295743115
 10
1277.0263671875
 20
-1287.9189453125002
 10
1256.6201171875
 20
-1287.9189453125002
 10
1256.6201171875
 20
-1414.0634765625002
 10
1277.0263671875
 20
-1414.0634765625002
 10
1277.0263671875
 20
-1367.203302943591
 10
1277.484848022461
 20
-1367.7414894104006
 10
1278.996337890625
 20
-1369.2880859375002
 10
1280.615219116211
 20
-1370.7330589294436
 10
1282.3414916992188
 20
-1372.076385498047
 10
1284.1751556396484
 20
-1373.3180427551272
 10
1286.1162109375
 20
-1374.4580078125002
 10
1288.1444606781006
 20
-1375.4791755676272
 10
1290.2425994873047
 20
-1376.3644104003909
 10
1292.4105701446533
 20
-1377.1136436462405
 10
1294.6483154296875
 20
-1377.7268066406252
 10
1296.9557781219482
 20
-1378.2038307189944
 10
1299.3329010009766
 20
-1378.544647216797
 10
1301.7796268463135
 20
-1378.7491874694826
 10
1304.2958984375
 20
-1378.8173828125002
 10
1305.793826341629
 20
-1378.7934648990633
 10
1307.2736911773682
 20
-1378.721712112427
 10
1308.735488653183
 20
-1378.6021258831026
 10
1310.179214477539
 20
-1378.4347076416018
 10
1311.604864358902
 20
-1378.219458818436
 10
1313.0124340057373
 20
-1377.9563808441164
  0
LWPOLYLINE
  5
4C
330
17
100
AcDbEntity
  8
WORDMARK
100
AcDbPolyline
 90
97
 70
1
 10
1292.3320541381836
 20
-1358.1845016479494
 10
1290.7640380859375
 20
-1357.594665527344
 10
1289.248390197754
 20
-1356.8974380493166
 10
1287.78515625
 20
-1356.0927734375002
 10
1286.3879737854004
 20
-1355.1929988861086
 10
1285.0719299316406
 20
-1354.2090301513674
 10
1283.8370475769043
 20
-1353.140901565552
 10
1282.683349609375
 20
-1351.9886474609377
 10
1281.6108589172363
 20
-1350.7523021698
 10
1280.6195983886719
 20
-1349.4319000244143
 10
1279.7095909118652
 20
-1348.027475357056
 10
1278.880859375
 20
-1346.5390625000002
 10
1278.1414260864258
 20
-1344.9796886444094
 10
1277.500732421875
 20
-1343.3623504638674
 10
1276.9587326049805
 20
-1341.6870365142825
 10
1276.515380859375
 20
-1339.9537353515627
 10
1276.1706314086914
 20
-1338.1624355316164
 10
1275.9244384765625
 20
-1336.3131256103518
 10
1275.776756286621
 20
-1334.405794143677
 10
1275.7275390625
 20
-1332.4404296875002
 10
1275.776756286621
 20
-1330.4759063720705
 10
1275.9244384765625
 20
-1328.5689697265627
 10
1276.1706314086914
 20
-1326.7197113037112
 10
1276.515380859375
 20
-1324.9282226562502
 10
1276.9587326049805
 20
-1323.1945953369143
 10
1277.500732421875
 20
-1321.5189208984377
 10
1278.1414260864258
 20
-1319.901290893555
 10
1278.880859375
 20
-1318.3417968750002
 10
1279.7095909118652
 20
-1316.8535041809084
 10
1280.6195983886719
 20
-1315.4493713378909
 10
1281.6108589172363
 20
-1314.1293296813967
 10
1282.683349609375
 20
-1312.8933105468752
 10
1283.8370475769043
 20
-1311.7412452697756
 10
1285.0719299316406
 20
-1310.673065185547
 10
1286.3879737854004
 20
-1309.688701629639
 10
1287.78515625
 20
-1308.7880859375002
 10
1289.248390197754
 20
-1307.9839820861819
 10
1290.7640380859375
 20
-1307.2870178222659
 10
1292.3320541381836
 20
-1306.6972160339358
 10
1293.952392578125
 20
-1306.2145996093752
 10
1295.6250076293945
 20
-1305.8391914367678
 10
1297.349853515625
 20
-1305.571014404297
 10
1299.1268844604492
 20
-1305.4100914001467
 10
1300.9560546875
 20
-1305.3564453125002
 10
1302.7830829620361
 20
-1305.4100914001467
 10
1304.555191040039
 20
-1305.571014404297
 10
1306.2723903656006
 20
-1305.8391914367678
 10
1307.9346923828125
 20
-1306.2145996093752
 10
1309.5421085357666
 20
-1306.6972160339358
 10
1311.0946502685547
 20
-1307.2870178222659
 10
1312.5923290252686
 20
-1307.9839820861819
 10
1314.03515625
 20
-1308.7880859375002
 10
1315.411470413208
 20
-1309.688701629639
 10
1316.7125396728516
 20
-1310.673065185547
 10
1317.9383754730225
 20
-1311.7412452697756
 10
1319.0889892578125
 20
-1312.8933105468752
 10
1320.1643924713135
 20
-1314.1293296813967
 10
1321.1645965576172
 20
-1315.4493713378909
 10
1322.0896129608154
 20
-1316.8535041809084
 10
1322.939453125
 20
-1318.3417968750002
 10
1323.6996955871582
 20
-1319.901290893555
 10
1324.3587951660156
 20
-1321.5189208984377
 10
1324.9166831970215
 20
-1323.1945953369143
 10
1325.373291015625
 20
-1324.9282226562502
 10
1325.7285499572754
 20
-1326.7197113037112
 10
1325.9823913574219
 20
-1328.5689697265627
 10
1326.1347465515137
 20
-1330.4759063720705
 10
1326.185546875
 20
-1332.4404296875002
 10
1326.1347465515137
 20
-1334.405794143677
 10
1325.9823913574219
 20
-1336.3131256103518
 10
1325.7285499572754
 20
-1338.1624355316164
 10
1325.373291015625
 20
-1339.9537353515627
 10
1324.9166831970215
 20
-1341.6870365142825
 10
1324.3587951660156
 20
-1343.3623504638674
 10
1323.6996955871582
 20
-1344.9796886444094
 10
1322.939453125
 20
-1346.5390625000002
 10
1322.0896129608154
 20
-1348.027475357056
 10
1321.1645965576172
 20
-1349.4319000244143
 10
1320.1643924713135
 20
-1350.7523021698
 10
1319.0889892578125
 20
-1351.9886474609377
 10
1317.9383754730225
 20
-1353.140901565552
 10
1316.7125396728516
 20
-1354.2090301513674
 10
1315.411470413208
 20
-1355.1929988861086
 10
1314.03515625
 20
-1356.0927734375002
 10
1312.5923290252686
 20
-1356.8974380493166
 10
1311.0946502685547
 20
-1357.594665527344
 10
1309.5421085357666
 20
-1358.1845016479494
 10
1307.9346923828125
 20
-1358.6669921875002
 10
1306.2723903656006
 20
-1359.0421829223635
 10
1304.555191040039
 20
-1359.3101196289065
 10
1302.7830829620361
 20
-1359.4708480834963
 10
1300.9560546875
 20
-1359.5244140625002
 10
1299.1268844604492
 20
-1359.4708480834963
 10
1297.349853515625
 20
-1359.3101196289065
 10
1295.6250076293945
 20
-1359.0421829223635
 10
1293.952392578125
 20
-1358.6669921875002
 10
1292.3320541381836
 20
-1358.1845016479494
  0
ENDSEC
  0
SECTION
  2
OBJECTS
  0
DICTIONARY
  5
A
330
0
100
AcDbDictionary
281
1
  3
ACAD_COLOR
350
B
  3
ACAD_GROUP
350
C
  3
ACAD_LAYOUT
350
D
  3
ACAD_MATERIAL
350
E
  3
ACAD_MLEADERSTYLE
350
F
  3
ACAD_MLINESTYLE
350
10
  3
ACAD_PLOTSETTINGS
350
11
  3
ACAD_PLOTSTYLENAME
350
12
  3
ACAD_SCALELIST
350
14
  3
ACAD_TABLESTYLE
350
15
  3
ACAD_VISUALSTYLE
350
16
  3
EZDXF_META
350
2D
  0
DICTIONARY
  5
B
330
A
100
AcDbDictionary
281
1
  0
DICTIONARY
  5
C
330
A
100
AcDbDictionary
281
1
  0
DICTIONARY
  5
D
330
A
100
AcDbDictionary
281
1
  3
Model
350
1A
  3
Layout1
350
1E
  0
DICTIONARY
  5
E
330
A
100
AcDbDictionary
281
1
  3
ByBlock
350
1F
  3
ByLayer
350
20
  3
Global
350
21
  0
DICTIONARY
  5
F
330
A
100
AcDbDictionary
281
1
  3
Standard
350
2C
  0
DICTIONARY
  5
10
330
A
100
AcDbDictionary
281
1
  3
Standard
350
22
  0
DICTIONARY
  5
11
330
A
100
AcDbDictionary
281
1
  0
ACDBDICTIONARYWDFLT
  5
12
330
A
100
AcDbDictionary
281
1
  3
Normal
350
13
100
AcDbDictionaryWithDefault
340
13
  0
ACDBPLACEHOLDER
  5
13
330
12
  0
DICTIONARY
  5
14
330
A
100
AcDbDictionary
281
1
  0
DICTIONARY
  5
15
330
A
100
AcDbDictionary
281
1
  0
DICTIONARY
  5
16
330
A
100
AcDbDictionary
281
1
  0
LAYOUT
  5
1A
330
D
100
AcDbPlotSettings
  1

  4
A3
  6

 40
7.5
 41
20.0
 42
7.5
 43
20.0
 44
420.0
 45
297.0
 46
0.0
 47
0.0
 48
0.0
 49
0.0
140
0.0
141
0.0
142
1.0
143
1.0
 70
1024
 72
1
 73
0
 74
5
  7

 75
16
 76
0
 77
2
 78
300
147
1.0
148
0.0
149
0.0
100
AcDbLayout
  1
Model
 70
1
 71
0
 10
0.0
 20
0.0
 11
420.0
 21
297.0
 12
0.0
 22
0.0
 32
0.0
 14
1e+20
 24
1e+20
 34
1e+20
 15
-1e+20
 25
-1e+20
 35
-1e+20
146
0.0
 13
0.0
 23
0.0
 33
0.0
 16
1.0
 26
0.0
 36
0.0
 17
0.0
 27
1.0
 37
0.0
 76
1
330
17
  0
LAYOUT
  5
1E
330
D
100
AcDbPlotSettings
  1

  4
A3
  6

 40
7.5
 41
20.0
 42
7.5
 43
20.0
 44
420.0
 45
297.0
 46
0.0
 47
0.0
 48
0.0
 49
0.0
140
0.0
141
0.0
142
1.0
143
1.0
 70
0
 72
1
 73
0
 74
5
  7

 75
16
 76
0
 77
2
 78
300
147
1.0
148
0.0
149
0.0
100
AcDbLayout
  1
Layout1
 70
1
 71
1
 10
0.0
 20
0.0
 11
420.0
 21
297.0
 12
0.0
 22
0.0
 32
0.0
 14
1e+20
 24
1e+20
 34
1e+20
 15
-1e+20
 25
-1e+20
 35
-1e+20
146
0.0
 13
0.0
 23
0.0
 33
0.0
 16
1.0
 26
0.0
 36
0.0
 17
0.0
 27
1.0
 37
0.0
 76
1
330
1B
  0
MATERIAL
  5
1F
102
{ACAD_REACTORS
330
E
102
}
330
E
100
AcDbMaterial
  1
ByBlock
  2

 70
0
 40
1.0
 71
1
 41
1.0
 91
-1023410177
 42
1.0
 72
1
  3

 73
1
 74
1
 75
1
 44
0.5
 73
0
 45
1.0
 46
1.0
 77
1
  4

 78
1
 79
1
170
1
 48
1.0
171
1
  6

172
1
173
1
174
1
140
1.0
141
1.0
175
1
  7

176
1
177
1
178
1
143
1.0
179
1
  8

270
1
271
1
272
1
145
1.0
146
1.0
273
1
  9

274
1
275
1
276
1
 42
1.0
 72
1
  3

 73
1
 74
1
 75
1
 94
63
  0
MATERIAL
  5
20
102
{ACAD_REACTORS
330
E
102
}
330
E
100
AcDbMaterial
  1
ByLayer
  2

 70
0
 40
1.0
 71
1
 41
1.0
 91
-1023410177
 42
1.0
 72
1
  3

 73
1
 74
1
 75
1
 44
0.5
 73
0
 45
1.0
 46
1.0
 77
1
  4

 78
1
 79
1
170
1
 48
1.0
171
1
  6

172
1
173
1
174
1
140
1.0
141
1.0
175
1
  7

176
1
177
1
178
1
143
1.0
179
1
  8

270
1
271
1
272
1
145
1.0
146
1.0
273
1
  9

274
1
275
1
276
1
 42
1.0
 72
1
  3

 73
1
 74
1
 75
1
 94
63
  0
MATERIAL
  5
21
102
{ACAD_REACTORS
330
E
102
}
330
E
100
AcDbMaterial
  1
Global
  2

 70
0
 40
1.0
 71
1
 41
1.0
 91
-1023410177
 42
1.0
 72
1
  3

 73
1
 74
1
 75
1
 44
0.5
 73
0
 45
1.0
 46
1.0
 77
1
  4

 78
1
 79
1
170
1
 48
1.0
171
1
  6

172
1
173
1
174
1
140
1.0
141
1.0
175
1
  7

176
1
177
1
178
1
143
1.0
179
1
  8

270
1
271
1
272
1
145
1.0
146
1.0
273
1
  9

274
1
275
1
276
1
 42
1.0
 72
1
  3

 73
1
 74
1
 75
1
 94
63
  0
MLINESTYLE
  5
22
102
{ACAD_REACTORS
330
10
102
}
330
10
100
AcDbMlineStyle
  2
Standard
 70
0
  3

 62
256
 51
90.0
 52
90.0
 71
2
 49
0.5
 62
256
  6
BYLAYER
 49
-0.5
 62
256
  6
BYLAYER
  0
MLEADERSTYLE
  5
2C
102
{ACAD_REACTORS
330
F
102
}
330
F
100
AcDbMLeaderStyle
179
2
170
2
171
1
172
0
 90
2
 40
0.0
 41
0.0
173
1
 91
-1056964608
 92
-2
290
1
 42
2.0
291
1
 43
8.0
  3
Standard
 44
4.0
300

342
29
174
1
175
1
176
0
178
1
 93
-1056964608
 45
4.0
292
0
297
0
 46
4.0
 94
-1056964608
 47
1.0
 49
1.0
140
1.0
294
1
141
0.0
177
0
142
1.0
295
0
296
0
143
3.75
271
0
272
9
273
9
  0
DICTIONARY
  5
2D
330
A
100
AcDbDictionary
280
1
281
1
  3
CREATED_BY_EZDXF
350
2E
  3
WRITTEN_BY_EZDXF
350
4F
  0
DICTIONARYVAR
  5
2E
330
2D
100
DictionaryVariables
280
0
  1
1.4.4 @ 2026-10-08T15:28:31.158283+00:00
  0
DICTIONARYVAR
  5
4F
330
2D
100
DictionaryVariables
280
0
  1
1.4.4 @ 2026-10-08T15:28:31.175385+00:00
  0
ENDSEC
  0
EOF
